year;state_abbr;violentCrimePer100Capita;totalCrimePer100Capita;ViolentRatio
1979;AK;0.4911330049;12.4073891626;3.9583912336
1980;AK;0.4359956559;11.2913559715;3.8613223872
1981;AK;0.615776699;13.1898058252;4.6685804718
1982;AK;0.6237442922;12.4251141553;5.0200286649
1983;AK;0.6137787056;12.0371607516;5.0990322245
1984;AK;0.6216;12.2304;5.0824175824
1985;AK;0.5817658349;11.7539347409;4.9495411346
1986;AK;0.570411985;12.4917602996;4.5663058795
1987;AK;0.4554285714;10.755047619;4.2345565316
1988;AK;0.5228070175;9.8432748538;5.3113117871
1989;AK;0.4977229602;9.559772296;5.2064311235
1990;AK;0.5245044478;10.3053761251;5.0896196458
1991;AK;0.6138596491;11.4031578947;5.3832425613
1992;AK;0.6604770017;11.139011925;5.9294038479
1993;AK;0.7607679466;11.1358931553;6.8316742624
1994;AK;0.7663366337;11.4161716172;6.7127287445
1995;AK;0.7708609272;11.507615894;6.6987022703
1996;AK;0.7276771005;10.9008237232;6.6754322331
1997;AK;0.7011494253;10.5451559934;6.6490189972
1998;AK;0.6539087948;9.5540716612;6.8442944325
1999;AK;0.6308313156;8.7189669088;7.2351612545
2000;AK;0.5668876369;8.4988483599;6.6701700387
2001;AK;0.5894607263;8.4891813835;6.9436698271
2002;AK;0.5654094737;8.6502816915;6.5363128492
2003;AK;0.598044055;8.7193805146;6.858790645
2004;AK;0.632302301;8.0063245433;7.8975352246
2005;AK;0.6323378861;8.4941945231;7.4443537222
2006;AK;0.6880052772;8.5321608888;8.0636697569
2007;AK;0.6613234076;8.0810208961;8.1836616454
2008;AK;0.6520538604;7.15874998;9.1084876857
2009;AK;0.6333816769;7.1475919613;8.8614694335
2010;AK;0.6353042655;6.944238293;9.1486530085
2011;AK;0.6100627193;6.4957312187;9.3917481923
2012;AK;0.6041294962;6.6955403686;9.0228639208
2013;AK;0.6387171944;7.1205641437;8.970036383
2014;AK;0.6355098596;6.8637507021;9.2589298069
2015;AK;0.7307759564;7.1900979926;10.1636439048
2016;AK;0.8045614291;8.4605716351;9.509539825
2017;AK;0.8567342448;8.7974089804;9.738483759
2018;AK;0.8849557522;8.3708732124;10.571845132
1979;AL;0.4133191828;8.4876625099;4.8696467646
1980;AL;0.4485343131;9.8672887447;4.5456692789
1981;AL;0.4704545455;9.7974463739;4.801807813
1982;AL;0.4477047933;9.2671062643;4.8311175089
1983;AL;0.4160394039;8.2021217479;5.0723388006
1984;AL;0.4311779449;7.8040601504;5.525046406
1985;AL;0.4575478737;7.8842576474;5.8033095077
1986;AL;0.558006415;8.5767086109;6.5060670744
1987;AL;0.5592211609;8.9028165565;6.2813959758
1988;AL;0.558565544;9.1233826024;6.1223514164
1989;AL;0.5907965032;9.2556095192;6.3831182801
1990;AL;0.7085604146;9.8304528525;7.2078105174
1991;AL;0.8441672781;10.7312301296;7.8664539654
1992;AL;0.8716634429;10.5362185687;8.2730197486
1993;AL;0.780415572;9.7575352281;7.9980810088
1994;AL;0.6836691159;9.8060677886;6.971898733
1995;AL;0.6323536327;9.6961203856;6.5217180437
1996;AL;0.5653873157;9.6401591388;5.8649168293
1997;AL;0.5644593656;9.7794859921;5.7718715079
1998;AL;0.5120863971;9.1941636029;5.5696898508
1999;AL;0.4901985463;8.8249468748;5.5546911871
2000;AL;0.4861595197;9.0917226957;5.3472761539
2001;AL;0.4381827165;8.6300647674;5.0773977753
2002;AL;0.4449980531;8.945552654;4.9745171741
2003;AL;0.4292223816;8.9513438429;4.7950608219
2004;AL;0.4270143358;8.9125873546;4.7911377341
2005;AL;0.4326425958;8.6656478305;4.9926168741
2006;AL;0.4251548696;8.7323631287;4.8687264071
2007;AL;0.448912465;8.8532236669;5.0706102306
2008;AL;0.4528196658;9.0746691263;4.9899303159
2009;AL;0.4501022361;8.4609621153;5.3197524109
2010;AL;0.3837295976;7.8234196048;4.9048832476
2011;AL;0.4198023644;8.0503962684;5.2146795064
2012;AL;0.4502931794;7.9115679245;5.6915795163
2013;AL;0.4309891858;7.5876562579;5.6801358827
2014;AL;0.4276773059;7.2435664247;5.9042366822
2015;AL;0.4729623239;6.9415261003;6.813520789
2016;AL;0.5324094315;6.9990093703;7.6069255416
2017;AL;0.5224281659;6.9431316562;7.5243880101
2018;AL;0.51963319;6.6736212965;7.7863751464
1979;AR;0.3662385321;7.241559633;5.0574537899
1980;AR;0.335195971;7.6221182056;4.3976747926
1981;AR;0.310331299;7.5929380994;4.0871042932
1982;AR;0.3246617198;7.7430816237;4.19292648
1983;AR;0.2976804124;7.0011168385;4.2518989361
1984;AR;0.3213707961;6.7350361856;4.7716268662
1985;AR;0.3475625265;7.1700720644;4.8474063213
1986;AR;0.3948145025;7.8494097808;5.0298622897
1987;AR;0.4120184255;8.4904522613;4.8527264836
1988;AR;0.4226672172;8.439223782;5.008366031
1989;AR;0.4736907731;9.1113881962;5.1988869629
1990;AR;0.5322187836;9.7338480681;5.4677120481
1991;AR;0.5932546374;10.3498313659;5.7320222568
1992;AR;0.5765318883;9.5233847436;6.0538548405
1993;AR;0.5932755776;9.6214521452;6.1661750077
1994;AR;0.595108031;9.5974724827;6.2006745219
1995;AR;0.5531803543;9.3817230274;5.8963620292
1996;AR;0.5243426295;9.3984860558;5.5790116235
1997;AR;0.5268727705;9.4373365042;5.582854551
1998;AR;0.4902285264;8.5668242711;5.7224067039
1999;AR;0.4251828329;8.0843530131;5.2593303662
2000;AR;0.4452756789;8.2306426274;5.4099746407
2001;AR;0.4523698017;8.2603690655;5.4763872915
2002;AR;0.4249763881;8.3267436928;5.1037524851
2003;AR;0.4563794508;8.1775836268;5.5808594766
2004;AR;0.5023272727;9.0709090909;5.5377831229
2005;AR;0.5285138062;9.192897812;5.7491534989
2006;AR;0.5527821971;9.0764004907;6.0903239968
2007;AR;0.5371107702;8.9851936488;5.9777317127
2008;AR;0.5130297437;8.7560018071;5.8591781392
2009;AR;0.5158421153;8.5817716174;6.0109047208
2010;AR;0.5035275337;8.1141488807;6.2055496031
2011;AR;0.4823074531;8.4804848053;5.6872627465
2012;AR;0.469552801;8.3557414195;5.6195228822
2013;AR;0.4632000176;8.1621554939;5.674971739
2014;AR;0.4802424132;7.7082480151;6.2302408053
2015;AR;0.5295425933;7.6479597885;6.9239719862
2016;AR;0.5542744185;7.7454855398;7.1560964861
2017;AR;0.5659679314;7.4202538331;7.6273392272
2018;AR;0.5436281138;6.9132746593;7.8635399368
1979;AZ;0.5929795918;15.7146938776;3.7734084829
1980;AZ;0.6508536447;16.3415712925;3.9828094435
1981;AZ;0.5757966344;15.2278553527;3.7812063558
1982;AZ;0.516958042;14.261958042;3.6247339982
1983;AZ;0.494161323;12.7831252109;3.8657316957
1984;AZ;0.5160825418;12.9987553226;3.9702458347
1985;AZ;0.6025101977;14.23238155;4.2333758097
1986;AZ;0.6582755502;14.6427494724;4.4955733992
1987;AZ;0.6125812168;14.3771411695;4.2607999014
1988;AZ;0.6101269475;14.9425851125;4.0831418586
1989;AZ;0.5995500562;16.1194600675;3.7194177332
1990;AZ;0.6523741497;15.7774632301;4.1348481704
1991;AZ;0.67072;14.8112533333;4.5284486391
1992;AZ;0.6708246347;14.0571503132;4.7721239349
1993;AZ;0.7149898374;14.8634654472;4.8103844957
1994;AZ;0.7031411043;15.8491288344;4.4364653202
1995;AZ;0.7134898056;16.4272166904;4.3433395872
1996;AZ;0.631504065;14.1340108401;4.467974959
1997;AZ;0.6237321625;14.3900768386;4.3344602635
1998;AZ;0.5779396016;13.1499250375;4.3950030132
1999;AZ;0.5511128151;11.7921902455;4.6735407386
2000;AZ;0.5317278651;11.6590704615;4.5606368609
2001;AZ;0.5403275619;12.1556836807;4.4450610605
2002;AZ;0.5544992993;12.8086379195;4.3291043341
2003;AZ;0.5132973737;12.2946532689;4.17496421
2004;AZ;0.5044008767;11.1554616395;4.5215598694
2005;AZ;0.5119765524;10.6777297591;4.7948071725
2006;AZ;0.5425604064;10.6334120297;5.1024112004
2007;AZ;0.5180039298;10.1011318469;5.1281770959
2008;AZ;0.4856327056;9.1757459024;5.2925692442
2009;AZ;0.4264546199;8.0308645925;5.3101956209
2010;AZ;0.4136495624;7.900319936;5.2358583666
2011;AZ;0.4142213577;7.9379155028;5.2182636305
2012;AZ;0.4285813069;7.9307614588;5.4040372934
2013;AZ;0.4156143552;7.5973508353;5.4705168186
2014;AZ;0.3926713048;7.1634350521;5.4816062671
2015;AZ;0.4102344459;6.9316830863;5.9182516103
2016;AZ;0.4710332363;6.9913595175;6.7373625282
2017;AZ;0.5057118326;6.8279254735;7.4065224438
2018;AZ;0.4748979523;6.3034901611;7.5338890069
1979;CA;0.811098872;14.9375044061;5.4299490062
1980;CA;0.8936083778;15.6661459723;5.704072842
1981;CA;0.8629703216;15.1809843123;5.6845478782
1982;CA;0.8147104028;14.5709108558;5.5913484813
1983;CA;0.7725867959;13.3548740764;5.7850548907
1984;CA;0.7633635157;12.9366950277;5.9007614703
1985;CA;0.7652683482;13.0360174474;5.8704151884
1986;CA;0.920536674;13.5255846707;6.8058919179
1987;CA;0.9179879261;13.0128402559;7.0544777931
1988;CA;0.9298210736;13.2710309571;7.0063966889
1989;CA;0.9776554382;13.5268348071;7.2275255233
1990;CA;1.0451975151;13.2072285836;7.9138292226
1991;CA;1.0899341672;13.5451810402;8.0466563273
1992;CA;1.1197200894;13.358998283;8.3817668488
1993;CA;1.0777642498;12.9138124379;8.345825487
1994;CA;1.012996723;12.3476631351;8.2039549662
1995;CA;0.9660134857;11.6621862041;8.2832967062
1996;CA;0.8626513583;10.4155279503;8.2823584404
1997;CA;0.7982583364;9.7306867485;8.2035148912
1998;CA;0.7037162886;8.6856705544;8.1020375365
1999;CA;0.6271782806;7.6099526081;8.2415530415
2000;CA;0.6215552311;7.4794943547;8.3101236743
2001;CA;0.6152143109;7.786346674;7.9011934173
2002;CA;0.5953605033;7.9131052735;7.5237278247
2003;CA;0.5796257207;8.0120042709;7.2344659473
2004;CA;0.5278020184;7.9033954487;6.6781679068
2005;CA;0.5260198782;7.6932198124;6.8374476616
2006;CA;0.5334505619;7.4304007656;7.179297305
2007;CA;0.5240606059;7.1351918019;7.3447304633
2008;CA;0.504205142;6.8903148071;7.3175922453
2009;CA;0.473284969;6.4086238109;7.3851264009
2010;CA;0.4395846848;6.1388715117;7.1606757691
2011;CA;0.4111646202;5.9906963533;6.8633860901
2012;CA;0.4235382019;6.3705941372;6.6483312665
2013;CA;0.4026369796;6.127167964;6.5713390262
2014;CA;0.3963751458;5.6977841293;6.9566543199
2015;CA;0.4279716284;6.1366843156;6.9739880105
2016;CA;0.444813423;6.0245453053;7.3833526088
2017;CA;0.453299368;5.9171536058;7.6607672906
2018;CA;0.4474095575;5.6556297368;7.9108707313
1979;CO;0.5220779221;14.1021645022;3.7021119843
1980;CO;0.528590988;14.6669320913;3.6039642422
1981;CO;0.5317246034;14.7063111711;3.6156218732
1982;CO;0.5042364532;14.1598686371;3.5610249369
1983;CO;0.4764256133;13.2542210895;3.5945198894
1984;CO;0.4577721838;12.9422278162;3.5370431603
1985;CO;0.4710306407;13.8381306097;3.4038603476
1986;CO;0.5235690236;14.063728191;3.7228323561
1987;CO;0.467506068;12.9025485437;3.6233622092
1988;CO;0.4725835866;12.356656535;3.8245263619
1989;CO;0.4713898101;12.0788664456;3.9025997364
1990;CO;0.5259844451;12.1074771263;4.344294353
1991;CO;0.5592833876;12.148178857;4.6038455163
1992;CO;0.5788472622;11.9175792507;4.8570875852
1993;CO;0.5672742569;11.0535614133;5.1320496233
1994;CO;0.5096280088;10.636761488;4.7911952273
1995;CO;0.4401921537;10.7925807313;4.0786551862
1996;CO;0.404472927;10.2370389746;3.9510734307
1997;CO;0.3631903416;9.3008476753;3.9049165659
1998;CO;0.3779400655;8.9749181566;4.2110697711
1999;CO;0.3404967243;8.1266072883;4.1899000686
2000;CO;0.3340183263;7.9652920388;4.1934222201
2001;CO;0.3496284915;8.4125237052;4.1560476234
2002;CO;0.352850923;8.7062332775;4.0528539931
2003;CO;0.3464879422;8.5962521602;4.0306861145
2004;CO;0.3720483695;8.581081272;4.3356816904
2005;CO;0.39667231;8.875569742;4.4692602454
2006;CO;0.3953820621;7.6675172199;5.1565852508
2007;CO;0.3517627735;6.7019848751;5.2486357414
2008;CO;0.3538851242;6.349687091;5.5732687157
2009;CO;0.3387632574;6.0189287105;5.6282982185
2010;CO;0.3236924915;5.996403901;5.3981102154
2011;CO;0.3143872273;5.8192811918;5.4025096395
2012;CO;0.3073731399;5.985442025;5.1353457046
2013;CO;0.3053630005;5.9624217056;5.121459293
2014;CO;0.3078466828;5.728371936;5.3740693899
2015;CO;0.3183809189;5.9683758994;5.3344649238
2016;CO;0.3441164318;6.254980692;5.5014787212
2017;CO;0.3721752979;6.1586900911;6.0430918333
2018;CO;0.3972214165;6.1376537951;6.4718771991
1979;CT;0.4141894061;11.5591011236;3.583231963
1980;CT;0.4125064939;11.7633489531;3.5067096583
1981;CT;0.4480523627;11.6745210728;3.8378650389
1982;CT;0.3995242626;10.8549952426;3.680556773
1983;CT;0.3749840663;9.9556405354;3.766548872
1984;CT;0.3938490805;9.2577679138;4.2542552827
1985;CT;0.4019533711;9.4095778198;4.2717471372
1986;CT;0.4257761054;9.6575101913;4.4087564696
1987;CT;0.4190283401;9.9914668328;4.1938620935
1988;CT;0.4553841407;10.1952483801;4.4666311572
1989;CT;0.5117628898;10.5399814758;4.8554439204
1990;CT;0.5537072619;10.7734561238;5.139550907
1991;CT;0.5396839866;10.7281069584;5.0305612045
1992;CT;0.4953367876;10.1058823529;4.9014699584
1993;CT;0.4561794324;9.3007018615;4.9047850281
1994;CT;0.4554503817;9.0959389313;5.0071838116
1995;CT;0.4058931298;9.0064732824;4.5066822167
1996;CT;0.4120342089;8.4553451436;4.8730619735
1997;CT;0.3908562691;7.9685626911;4.9049782786
1998;CT;0.3663103238;7.5730604765;4.8370183349
1999;CT;0.3455786981;6.7784856389;5.0981696573
2000;CT;0.3247038303;6.4653589052;5.0222088999
2001;CT;0.3345948089;6.2185371114;5.3806032344
2002;CT;0.3124686469;6.0274904173;5.1840587914
2003;CT;0.3167515544;5.9665726019;5.3087689616
2004;CT;0.2890282443;5.9477571374;4.8594493297
2005;CT;0.2725739788;5.7024007477;4.7799863744
2006;CT;0.2997310267;5.7716697258;5.1931423826
2007;CT;0.301144188;5.5434857404;5.4323976307
2008;CT;0.3066617313;5.5949700279;5.4810254525
2009;CT;0.3009418217;5.298770311;5.6794653106
2010;CT;0.2820026749;4.9415214328;5.7067985783
2011;CT;0.2757117442;4.8564745978;5.6771993478
2012;CT;0.2835096394;4.8640153239;5.8287159996
2013;CT;0.2622424494;4.5028520499;5.8239188514
2014;CT;0.2385415224;4.350246275;5.4834027152
2015;CT;0.2214392716;4.1197244981;5.375099031
2016;CT;0.2276955753;4.0931965878;5.5627813226
2017;CT;0.2291627027;4.0200566331;5.7004844368
2018;CT;0.2074361856;3.7767884758;5.4923961699
1979;DC;1.6086890244;17.2042682927;9.3505227716
1980;DC;2.0106008347;20.0455580866;10.0301564365
1981;DC;2.2748427673;21.3553459119;10.6523339714
1982;DC;2.1231378764;20.8215530903;10.1968276198
1983;DC;1.9154093098;18.5476725522;10.3269523678
1984;DC;1.7215088283;17.1826645265;10.0188700396
1985;DC;1.6247603834;15.9984025559;10.1557663505
1986;DC;1.5052715655;16.6785942492;9.025170485
1987;DC;1.6102893891;16.9032154341;9.5265270407
1988;DC;1.9216129032;19.8293548387;9.690748483
1989;DC;2.1418874172;20.5867549669;10.4042012482
1990;DC;2.458230351;21.5485252925;11.4078820597
1991;DC;2.4533444816;21.5361204013;11.3917661858
1992;DC;2.8327674024;22.8139219015;12.4168365904
1993;DC;2.921799308;23.5221453287;12.4214831051
1994;DC;2.6626315789;22.1705263158;12.0097806476
1995;DC;2.6613718412;24.3469314079;10.9310360167
1996;DC;2.4697974217;23.7933701657;10.3801916438
1997;DC;2.0241965974;19.6782608696;10.286460835
1998;DC;1.7185468451;17.6711281071;9.7251677126
1999;DC;1.6277456647;16.1341040462;10.0888506735
2000;DC;1.5078864243;14.5530443538;10.3613126411
2001;DC;1.6024132919;15.4845927831;10.3484367614
2002;DC;1.6378609066;16.0936261875;10.1770781021
2003;DC;1.6249417166;14.9768659661;10.8496778983
2004;DC;1.3694453115;12.4444508596;11.0044655802
2005;DC;1.379952547;11.7395614459;11.7547197424
2006;DC;1.5084346465;12.3247295926;12.2390891841
2007;DC;1.4151135831;12.66275931;11.1753966762
2008;DC;1.4377366588;13.0847722246;10.9878615702
2009;DC;1.3489378094;12.2016419386;11.0553794008
2010;DC;1.32680456;12.1763165551;10.8966004127
2011;DC;1.2007689574;11.9824884495;10.0210316283
2012;DC;1.2418163419;12.1949332757;10.1830515496
2013;DC;1.2963884451;12.2199438925;10.6087921231
2014;DC;1.2425814899;12.8882025231;9.6412318764
2015;DC;1.273611714;11.982660503;10.6287891048
2016;DC;1.2035023731;11.9470552477;10.0736319382
2017;DC;1.0027440343;10.5541109487;9.5009806058
2018;DC;0.9959356827;10.7394779737;9.2735949099
1979;DE;0.5372852234;13.0515463918;4.116640337
1980;DE;0.4747982024;13.5532693656;3.5032005161
1981;DE;0.5090301003;13.3785953177;3.8048097595
1982;DE;0.5598006645;12.7697674419;4.3837968624
1983;DE;0.4531353135;10.9320132013;4.1450307934
1984;DE;0.435725938;10.0137030995;4.3512967549
1985;DE;0.4332797428;9.9225080386;4.3666353414
1986;DE;0.427014218;9.6631911532;4.418977243
1987;DE;0.4307453416;9.8776397516;4.3608124253
1988;DE;0.4516666667;9.5981818182;4.7057523521
1989;DE;0.5564635958;9.7304606241;5.7187795865
1990;DE;0.6552401196;10.7207190979;6.1119045619
1991;DE;0.7142647059;11.7388235294;6.0846361996
1992;DE;0.6211901306;9.6969521045;6.406034844
1993;DE;0.6858571429;9.7442857143;7.0385573963
1994;DE;0.6443342776;9.7790368272;6.5889339513
1995;DE;0.7249651325;10.3174337517;7.0266032227
1996;DE;0.6682758621;9.7897931034;6.8262511271
1997;DE;0.7859289617;11.5658469945;6.7952564315
1998;DE;0.7623655914;10.726344086;7.1074131622
1999;DE;0.7344022465;9.6759552936;7.5899714725
2000;DE;0.6844053088;8.956100051;7.6417782844
2001;DE;0.6110979301;8.1011901848;7.543310503
2002;DE;0.6000409457;7.8921018184;7.6030563154
2003;DE;0.6752908334;8.181224837;8.254153221
2004;DE;0.6150091137;7.7971831257;7.8875807299
2005;DE;0.6334490063;7.5027829225;8.442853976
2006;DE;0.7010156115;8.354775061;8.3905982666
2007;DE;0.7053947667;8.1677775671;8.6363121531
2008;DE;0.7086309347;8.6066531362;8.2335249654
2009;DE;0.6454477462;7.998445412;8.0696649528
2010;DE;0.6232551523;8.1543290005;7.6432426539
2011;DE;0.5664343596;7.9959301295;7.084033382
2012;DE;0.5504589157;7.7978044889;7.0591525661
2013;DE;0.5007349444;7.3003761186;6.8590294022
2014;DE;0.4880508735;6.9703237718;7.0018393624
2015;DE;0.504196696;6.447256365;7.820329571
2016;DE;0.5100252126;6.588236776;7.7414523787
2017;DE;0.4573294967;5.810811658;7.8703204229
2018;DE;0.4236065804;5.4960291407;7.7075024456
1979;FL;0.8338713318;15.3761173815;5.4231592485
1980;FL;0.9835256449;16.8039216014;5.8529530681
1981;FL;0.9650698406;16.0649026166;6.0073183366
1982;FL;0.8968029954;14.9304339478;6.0065434034
1983;FL;0.8267041199;13.5622846442;6.0956110385
1984;FL;0.8679846939;13.6424744898;6.3623699244
1985;FL;0.941149041;15.1484955129;6.2128218621
1986;FL;1.0365139186;16.4567708779;6.2984040206
1987;FL;1.0244364967;17.0063212177;6.0238571505
1988;FL;1.1177425871;17.8752848025;6.253005753
1989;FL;1.1094230921;17.608981138;6.3003252908
1990;FL;1.2443261772;17.6215878805;7.0613737287
1991;FL;1.1843262785;17.0944189199;6.9281458707
1992;FL;1.2071989917;16.7164887307;7.2216062305
1993;FL;1.2060457636;16.7020688647;7.2209363603
1994;FL;1.1468214721;16.4999784992;6.9504422211
1995;FL;1.0709515742;15.4030636736;6.9528478028
1996;FL;1.0510416667;14.9947638889;7.0093912412
1997;FL;1.0235840044;14.5435921933;7.0380411577
1998;FL;0.9386967015;13.772097077;6.8159314902
1999;FL;0.8539601372;12.4108643868;6.8807466637
2000;FL;0.8120005671;11.3894690765;7.1293978821
2001;FL;0.7983287456;11.1550918475;7.1566308597
2002;FL;0.7711676599;10.85517887;7.1041451195
2003;FL;0.7310940451;10.3766881475;7.0455431894
2004;FL;0.711825937;9.788598844;7.271990081
2005;FL;0.7088903986;9.443336128;7.5067792671
2006;FL;0.7164334019;9.4052876391;7.6173470647
2007;FL;0.7225699641;9.622654194;7.5090505132
2008;FL;0.6888567104;9.6587579672;7.1319388349
2009;FL;0.6124780983;8.9065959707;6.8766799386
2010;FL;0.5412765791;8.1853584444;6.6127413087
2011;FL;0.5146035622;8.0640125369;6.3814826657
2012;FL;0.4869738746;7.5263645317;6.4702403466
2013;FL;0.4693445936;7.1585139644;6.5564528601
2014;FL;0.45889168;6.8085267997;6.7399555515
2015;FL;0.4624618312;6.5852885322;7.0226510029
2016;FL;0.4294029377;6.2576740042;6.8620215345
2017;FL;0.4080982372;5.8419839964;6.9856103249
2018;FL;0.3848948265;5.3334741829;7.2165874116
1979;GA;0.5586948027;10.833724111;5.1569967717
1980;GA;0.5553384087;11.2073078854;4.9551454675
1981;GA;0.5481594541;11.2570659005;4.8694700641
1982;GA;0.4781521546;10.4295087782;4.5846085833
1983;GA;0.4567166783;9.0105024424;5.0687148826
1984;GA;0.4785848895;8.9962652047;5.3198174866
1985;GA;0.5072121821;10.2202476573;4.9628169402
1986;GA;0.5876310616;10.9108453473;5.3857519092
1987;GA;0.5764705882;11.5840244294;4.9764275943
1988;GA;0.6653491642;12.6531791908;5.2583556604
1989;GA;0.7358141703;14.1462088254;5.2014937668
1990;GA;0.7563193324;13.5272118126;5.5910955106
1991;GA;0.7382455081;12.9868337611;5.6845688615
1992;GA;0.733165457;12.8108428381;5.7230071919
1993;GA;0.7231314154;12.3859187509;5.8383348857
1994;GA;0.667654146;12.0206661942;5.554219169
1995;GA;0.6570892932;12.0072767671;5.4724256457
1996;GA;0.6387324901;12.6193934449;5.0615149843
1997;GA;0.6065722682;11.583302164;5.2366092125
1998;GA;0.5726511384;10.9259094478;5.2412217141
1999;GA;0.533946052;10.2967551077;5.1855759063
2000;GA;0.504724085;9.5022594034;5.3116218322
2001;GA;0.4957482901;9.2685693252;5.3487034807
2002;GA;0.4596322217;9.0315958383;5.0891584377
2003;GA;0.4545056394;9.4283613363;4.8206217728
2004;GA;0.4509578186;9.3488892121;4.8236513279
2005;GA;0.4459322601;9.181638475;4.8567830386
2006;GA;0.4779397905;8.7028741424;5.4917465506
2007;GA;0.4915477095;8.7621991147;5.6098669186
2008;GA;0.4888937804;8.9878485329;5.4394973235
2009;GA;0.4280404602;8.2012279521;5.2192240323
2010;GA;0.4022587361;8.0830036005;4.9765997396
2011;GA;0.3746461132;8.0305448379;4.6652639487
2012;GA;0.379955073;7.6071291775;4.9947235568
2013;GA;0.3753867402;7.5707278184;4.9583969889
2014;GA;0.385802622;7.5111526719;5.1363970196
2015;GA;0.3813068183;6.9822846407;5.4610609267
2016;GA;0.3904351721;6.7741006553;5.7636458624
2017;GA;0.3564563906;6.4297941382;5.5438227554
2018;GA;0.3265847393;5.8005366237;5.6302504482
1979;HI;0.289726776;14.4950819672;1.9987936364
1980;HI;0.299477547;14.9645478293;2.0012468828
1981;HI;0.2475995914;13.0868232891;1.8919762722
1982;HI;0.2557344064;13.16861167;1.9419997555
1983;HI;0.2521016618;11.6191593353;2.1697065554
1984;HI;0.2318575553;10.9686236766;2.1138254186
1985;HI;0.2194497154;10.4011385199;2.1098624439
1986;HI;0.2451977401;11.3427495292;2.1617134318
1987;HI;0.2632502308;11.6358264081;2.2624111224
1988;HI;0.2570905764;11.978042086;2.1463489154
1989;HI;0.2701438849;12.5408273381;2.1541153355
1990;HI;0.2808986229;12.2133602351;2.2999290738
1991;HI;0.2417621145;11.9407929515;2.0246738681
1992;HI;0.2584482759;12.2239655172;2.1142752366
1993;HI;0.2611774744;12.5539249147;2.0804447707
1994;HI;0.2621713316;13.3609838846;1.9622157612
1995;HI;0.2956192081;14.3971356361;2.0533196016
1996;HI;0.2805743243;13.1690878378;2.1305524557
1997;HI;0.2779275484;12.0458298231;2.307251161
1998;HI;0.2469404862;10.6660519698;2.3152004778
1999;HI;0.2349225683;9.6708806517;2.4291745168
2000;HI;0.2438225164;10.3978665117;2.3449283185
2001;HI;0.254029261;10.7490970022;2.3632614069
2002;HI;0.2629239366;12.1286763609;2.1677875542
2003;HI;0.2722711821;11.0937693943;2.4542711537
2004;HI;0.2545708663;10.1001169457;2.5204744422
2005;HI;0.2554823063;10.1105964291;2.5268767089
2006;HI;0.2806694371;9.0011808653;3.118140178
2007;HI;0.2761440811;8.7907943662;3.1412870059
2008;HI;0.2724736415;7.678012231;3.5487523759
2009;HI;0.2740935995;7.8855570431;3.4758939412
2010;HI;0.2642737533;7.2277367883;3.6563831946
2011;HI;0.2514278417;6.8700390167;3.6597731258
2012;HI;0.2430058485;6.7329453489;3.6092057183
2013;HI;0.2544381176;6.9601777731;3.655626708
2014;HI;0.2367177208;6.9815533386;3.3906168058
2015;HI;0.2934472755;8.2071635782;3.5755017277
2016;HI;0.2416211294;6.4447466653;3.7491175672
2017;HI;0.2511580161;6.1745411293;4.0676385635
2018;HI;0.2486464187;6.237843112;3.9860960636
1979;IA;0.1811574234;8.6034447124;2.1056382578
1980;IA;0.2003573831;9.4934871814;2.1104719401
1981;IA;0.2041767346;9.4330686918;2.1644784028
1982;IA;0.1727366609;8.2730464716;2.0879450094
1983;IA;0.1811359725;7.838141136;2.3109557396
1984;IA;0.1986597938;7.5990378007;2.6142756363
1985;IA;0.2117198336;7.8857836338;2.6848293511
1986;IA;0.2351104875;8.3013679411;2.8321896971
1987;IA;0.2312279464;8.2804516584;2.7924557247
1988;IA;0.2568454481;8.1533521524;3.150182199
1989;IA;0.2663028169;8.1628169014;3.2623887087
1990;IA;0.2996663371;8.2017318777;3.6536958488
1991;IA;0.3032915921;8.2680500894;3.6682360272
1992;IA;0.2779516358;7.9142958748;3.5120197708
1993;IA;0.3254797441;7.6928926795;4.2309149198
1994;IA;0.3150936727;7.3092258749;4.310903481
1995;IA;0.3543631246;8.2037297678;4.3195367789
1996;IA;0.2724754558;7.297826087;3.7336523586
1997;IA;0.3099929874;7.6316269285;4.0619515378
1998;IA;0.3115303983;7.0012578616;4.4496346868
1999;IA;0.2799875793;6.4471025955;4.3428435517
2000;IA;0.2664093245;6.4674998394;4.119201099
2001;IA;0.2682499496;6.5825433915;4.0751717634
2002;IA;0.2857103929;6.898536705;4.1416086506
2003;IA;0.2778744626;6.5078029189;4.2698659758
2004;IA;0.2878183646;6.3851720205;4.5076054904
2005;IA;0.2932702618;6.2765973231;4.672440285
2006;IA;0.2857396754;6.2186691526;4.5948685871
2007;IA;0.3001961817;5.8970310363;5.0906325551
2008;IA;0.2881212834;5.4569524955;5.2798935599
2009;IA;0.2820946216;5.2239867866;5.3999872717
2010;IA;0.2685395918;5.0443216548;5.323601669
2011;IA;0.2572699232;5.2169366701;4.9314365788
2012;IA;0.2655901275;5.1071872584;5.200320921
2013;IA;0.2730293975;4.9707001912;5.4927754032
2014;IA;0.27284296;4.7595402577;5.7325486327
2015;IA;0.2760732954;4.724251817;5.8437463981
2016;IA;0.2928899293;4.834536354;6.0582837285
2017;IA;0.2875013877;4.7518209004;6.0503414112
2018;IA;0.2500835671;3.8830915563;6.4403211593
1979;ID;0.2887292818;8.4815469613;3.4042054248
1980;ID;0.3133646804;9.5643520918;3.2763816868
1981;ID;0.2833159541;9.0615224192;3.1265822785
1982;ID;0.2591709845;8.1664248705;3.1736162221
1983;ID;0.2387259858;7.7316481294;3.0876467973
1984;ID;0.2352647353;7.3432567433;3.2038200963
1985;ID;0.2348258706;7.816119403;3.0043792647
1986;ID;0.2225324028;8.4139581256;2.644800455
1987;ID;0.2142284569;8.3126252505;2.5771456123
1988;ID;0.2347347347;7.9459459459;2.9541446208
1989;ID;0.2546351085;7.8619329389;3.2388359257
1990;ID;0.2757390372;8.1142370144;3.3982127555
1991;ID;0.2902791145;8.3915303176;3.4591916319
1992;ID;0.281443299;7.9923149016;3.5214240484
1993;ID;0.2818016379;7.6902638763;3.6643949075
1994;ID;0.2857899382;8.1539276258;3.5049359196
1995;ID;0.3220120378;8.8029234738;3.6580124636
1996;ID;0.2671993272;8.0250630782;3.3295604603
1997;ID;0.2567768595;7.8504132231;3.270870618
1998;ID;0.2821806347;7.4292921074;3.7982169846
1999;ID;0.2449468723;6.3000719022;3.8880012174
2000;ID;0.2524821226;6.3724107444;3.962113127
2001;ID;0.2431498162;6.2687369613;3.8787688442
2002;ID;0.2545557968;6.3355282163;4.0179096058
2003;ID;0.2459338978;6.3500980956;3.8729149387
2004;ID;0.2474303654;6.0568831802;4.0851104116
2005;ID;0.256757012;5.9083496401;4.345663809
2006;ID;0.2499889189;5.2917730733;4.7241050488
2007;ID;0.2561687926;5.0640188555;5.0586066114
2008;ID;0.2414989736;4.6751051308;5.1656372824
2009;ID;0.2461507012;4.5316311737;5.431834404
2010;ID;0.2204821838;4.4427414643;4.9627507163
2011;ID;0.2021791401;4.5559130769;4.43773041
2012;ID;0.2098283394;4.4087766908;4.7593324425
2013;ID;0.2152100359;4.2110732415;5.1105745163
2014;ID;0.2103613517;4.1730333752;5.0409697894
2015;ID;0.2173849911;3.9639938336;5.4839891328
2016;ID;0.2307107152;3.9990452529;5.7691448984
2017;ID;0.2391640254;3.8010267007;6.2920901188
2018;ID;0.2270540324;3.3769085536;6.7237246362
1979;IL;0.7439002671;12.0621549421;6.1672252654
1980;IL;0.8080360988;12.538196621;6.4445958475
1981;IL;0.7925010912;12.2313051069;6.4792847885
1982;IL;0.7743186583;11.6806079665;6.6290955103
1983;IL;0.7280950723;11.0828138604;6.5695867623
1984;IL;0.724880549;10.6083745982;6.8330972132
1985;IL;0.7147637625;10.6225054183;6.7287681608
1986;IL;0.8103182173;11.1291944854;7.2810140784
1987;IL;0.7962010016;10.8330512865;7.3497390578
1988;IL;0.8104383229;11.2417359667;7.2091919374
1989;IL;0.8458655001;11.2783324756;7.4999163389
1990;IL;0.9673593744;11.8701709674;8.149498243
1991;IL;1.0392012475;12.2641081175;8.4735166843
1992;IL;0.9772504514;11.5306336514;8.4752536671
1993;IL;0.9597332649;11.2358553475;8.5417018576
1994;IL;0.9609257999;11.251701838;8.5402707404
1995;IL;0.9960777684;10.9113778529;9.1287991472
1996;IL;0.8903688698;10.6399763653;8.3681470634
1997;IL;0.8614324143;10.2822629455;8.3778485225
1998;IL;0.8077293483;9.7169946036;8.3125429336
1999;IL;0.689466103;9.0294079089;7.6357842063
2000;IL;0.6537892294;8.4783248129;7.7113019826
2001;IL;0.6331354855;8.209403871;7.7123198643
2002;IL;0.6019093395;8.0441764066;7.4825477345
2003;IL;0.5563721714;7.688475856;7.2364429802
2004;IL;0.5456648261;7.4394336823;7.3347629592
2005;IL;0.5522416132;7.2879034912;7.5775099642
2006;IL;0.5416003934;7.1224605419;7.6041192535
2007;IL;0.5331861044;6.9379239043;7.6850958843
2008;IL;0.5253627022;6.9159837455;7.5963553633
2009;IL;0.4971569839;6.4681451997;7.6862372225
2010;IL;0.4448846673;6.3260649837;7.0325655595
2011;IL;0.4239817378;6.2052674111;6.8326102594
2012;IL;0.4161890031;6.0033608451;6.9326001522
2013;IL;0.4030548886;5.4295812933;7.4233143736
2014;IL;0.370860884;4.9527762712;7.487939363
2015;IL;0.3875287628;4.805933026;8.0635489663
2016;IL;0.436702996;5.0135691585;8.7104213026
2017;IL;0.4362282574;4.862822375;8.9706804767
2018;IL;0.4041258669;4.6739208921;8.6463993767
1979;IN;0.338037037;9.2028518519;3.6731769942
1980;IN;0.3778174482;9.8607186131;3.8315407128
1981;IN;0.3416026345;9.0795462861;3.7623315494
1982;IN;0.300566624;8.8590020106;3.3927819822
1983;IN;0.2837561599;8.2596094178;3.4354670485
1984;IN;0.30522008;7.8588213896;3.883789501
1985;IN;0.3094017094;7.8281142026;3.952442458
1986;IN;0.307721657;7.7096656977;3.9913748409
1987;IN;0.3284939432;8.2395226903;3.9868079205
1988;IN;0.3800358744;8.3000538117;4.5787157898
1989;IN;0.4064902557;8.8799213302;4.5776335235
1990;IN;0.4739221945;9.3666505596;5.0596762577
1991;IN;0.5053297683;9.6356149733;5.244395606
1992;IN;0.5084952314;9.3738961498;5.4245878474
1993;IN;0.4890775424;8.9301592858;5.4766945
1994;IN;0.5251216968;9.185674548;5.7167461579
1995;IN;0.5247458211;9.2630708254;5.6649229075
1996;IN;0.5369970895;8.9964732066;5.9689733655
1997;IN;0.514648704;8.9325375171;5.7615062122
1998;IN;0.4309713511;8.3387692829;5.1682848686
1999;IN;0.3745813703;7.5319444157;4.973235988
2000;IN;0.34914978;7.50384221;4.6529467201
2001;IN;0.3710617534;7.6478481307;4.8518452122
2002;IN;0.3573381661;7.5026559576;4.7628222336
2003;IN;0.3523147005;7.4160292704;4.7507188502
2004;IN;0.3259275581;7.4591382015;4.3695068964
2005;IN;0.324001571;7.5671650533;4.281677071
2006;IN;0.321579721;7.542100128;4.2637954353
2007;IN;0.3358397072;7.4132793636;4.5302448586
2008;IN;0.3375521736;7.3756208451;4.5765933561
2009;IN;0.334028064;6.8926702675;4.8461343862
2010;IN;0.3232818057;6.7869304359;4.7632992368
2011;IN;0.3317653295;6.986576694;4.7486107145
2012;IN;0.3448264258;6.7465694023;5.1111373097
2013;IN;0.3595804595;6.4501523655;5.5747591554
2014;IN;0.3653446258;6.0570365026;6.0317388824
2015;IN;0.3836971144;5.9923318042;6.4031353231
2016;IN;0.399698101;5.9157760913;6.7564778458
2017;IN;0.3949951367;5.5626642435;7.1008264998
2018;IN;0.3822693719;5.1231956112;7.4615416027
1979;KS;0.3535669059;9.7915576192;3.610936274
1980;KS;0.3893352381;10.7576791577;3.6191378494
1981;KS;0.3694246115;10.8085678286;3.4178867854
1982;KS;0.3358803987;9.903986711;3.3913656033
1983;KS;0.326556701;9.0595463918;3.6045590685
1984;KS;0.3341673503;8.6786710418;3.8504437912
1985;KS;0.355755102;8.7502040816;4.0656777684
1986;KS;0.3687931735;9.6451036164;3.8236310171
1987;KS;0.3607431341;9.8077544426;3.6781419865
1988;KS;0.3652191395;9.7597909127;3.7420795465
1989;KS;0.4008356546;9.9656983685;4.0221531876
1990;KS;0.4477363744;10.3862891684;4.3108406392
1991;KS;0.4995991984;11.0686172345;4.5136550286
1992;KS;0.5108204518;10.6398731669;4.8010013262
1993;KS;0.4964045832;9.950533386;4.9887233569
1994;KS;0.4429913861;9.6938919342;4.5697990969
1995;KS;0.4207407407;9.7738791423;4.3047467092
1996;KS;0.4137636081;9.3634525661;4.4189213879
1997;KS;0.4297109827;10.3047398844;4.1700323102
1998;KS;0.4173449981;9.7440852035;4.2830598192
1999;KS;0.3827732087;8.877218683;4.3118596301
2000;KS;0.389448367;8.8176020247;4.4167151788
2001;KS;0.403719295;8.6188462784;4.6841454408
2002;KS;0.3772076456;8.1863167549;4.6077821923
2003;KS;0.3974991064;8.8158849906;4.5088962342
2004;KS;0.3778765533;8.7867089879;4.3005470396
2005;KS;0.3893861083;8.3902317613;4.6409457971
2006;KS;0.4326944819;8.4093231913;5.1454138702
2007;KS;0.4585739826;8.335095463;5.5017244211
2008;KS;0.4123286038;7.5967815957;5.4276748469
2009;KS;0.4065636256;7.2649301268;5.5962496338
2010;KS;0.3708104142;6.9748872302;5.3163642928
2011;KS;0.3556664504;6.8885508778;5.1631534229
2012;KS;0.3566925603;7.0255819128;5.0770536119
2013;KS;0.3428412381;6.6395101045;5.1636526289
2014;KS;0.3526261952;6.2564534728;5.6361994339
2015;KS;0.3950499549;6.3408218401;6.2302642287
2016;KS;0.4011719103;6.5077546719;6.1645211068
2017;KS;0.4003863003;6.2556322575;6.4004130007
2018;KS;0.4390169345;6.1458249256;7.1433361649
1979;KY;0.2480294868;6.3677913241;3.8950630477
1980;KY;0.2666773583;6.8674843381;3.8831884452
1981;KY;0.2895110626;7.0630428845;4.0989566011
1982;KY;0.3149713662;7.1368421053;4.4133156036
1983;KY;0.3222132472;6.869628433;4.6904028408
1984;KY;0.2777867311;5.9170024174;4.6947205956
1985;KY;0.3055287171;5.8943639291;5.1834043638
1986;KY;0.3344152361;6.184388412;5.4074099777
1987;KY;0.337778374;6.5400053662;5.1648027045
1988;KY;0.3301263101;6.2696049449;5.265504175
1989;KY;0.3569090421;6.6342903139;5.3797621936
1990;KY;0.390362131;6.5988729264;5.9155879402
1991;KY;0.4379746835;6.716509561;6.5208674173
1992;KY;0.5354727031;6.6470838881;8.0557536519
1993;KY;0.4626550541;6.5193454737;7.0966488272
1994;KY;0.4439770055;6.6744708649;6.6518682076
1995;KY;0.3647409326;6.7034715026;5.441075307
1996;KY;0.3204943357;6.3325952626;5.0610266794
1997;KY;0.3169396111;6.2540941658;5.067714087
1998;KY;0.327972561;6.231199187;5.2633939493
1999;KY;0.3083196051;5.9068502143;5.2196956745
2000;KY;0.2944997599;5.9194872344;4.9750890275
2001;KY;0.2583061018;5.7936264505;4.4584528193
2002;KY;0.2714299058;5.8531153679;4.6373578632
2003;KY;0.2484587279;5.5170853013;4.5034418408
2004;KY;0.2451087501;5.5705261074;4.4001005539
2005;KY;0.2668355139;5.5956370692;4.7686351099
2006;KY;0.2701093704;5.7435508743;4.7028289
2007;KY;0.2906772504;5.6733107406;5.1235912098
2008;KY;0.2972422524;5.9580558155;4.9889135255
2009;KY;0.2549770949;5.5591497024;4.5866204113
2010;KY;0.243925835;5.6023811063;4.3539671851
2011;KY;0.2396484027;5.9311891919;4.0404781393
2012;KY;0.2249453733;5.6008932057;4.0162410723
2013;KY;0.2109290812;5.1915602001;4.0629227651
2014;KY;0.2151784304;4.9835732401;4.3177539494
2015;KY;0.2234546721;4.8824405128;4.5767003504
2016;KY;0.2356116717;4.9135583336;4.7951332975
2017;KY;0.2310797297;4.7684779587;4.8459850646
2018;KY;0.2118654499;4.3488477536;4.8717605648
1979;LA;0.6763288624;10.7174863388;6.3105176066
1980;LA;0.6649772761;10.9074751485;6.0965279961
1981;LA;0.6382810685;10.5353310105;6.0584813889
1982;LA;0.6690738193;10.6223750573;6.2987214793
1983;LA;0.640919333;10.0531771068;6.3752913753
1984;LA;0.6779695204;10.2209323173;6.6331475383
1985;LA;0.6942200402;11.1271144834;6.2389943162
1986;LA;0.7582315041;12.1560542102;6.2374804439
1987;LA;0.693028469;11.7465142345;5.8998648886
1988;LA;0.7174434389;11.5214479638;6.2270249466
1989;LA;0.7817663168;12.4825193975;6.2628888596
1990;LA;0.8984417673;12.973353147;6.9252856767
1991;LA;0.9510348071;12.8490122295;7.40161804
1992;LA;0.9845812923;13.0929321204;7.5199449843
1993;LA;1.0616996508;13.6931781141;7.7534933228
1994;LA;0.9819003476;13.3421552723;7.3593833049
1995;LA;1.0073929065;13.3520497467;7.5448558507
1996;LA;0.9291197426;13.6775913583;6.7930070306
1997;LA;0.8558823529;12.8984834559;6.6355270049
1998;LA;0.7795147631;12.1966124971;6.3912398897
1999;LA;0.7326794044;11.4935950879;6.3746756245
2000;LA;0.6811403776;10.845616535;6.2803287888
2001;LA;0.686252228;10.664491156;6.4349270675
2002;LA;0.6632870082;10.2108220559;6.4959217251
2003;LA;0.636941116;9.8948185946;6.4371176682
2004;LA;0.6400269821;10.118168898;6.325521827
2005;LA;0.5965614684;8.5860124317;6.9480620155
2006;LA;0.7211910719;9.6039711104;7.5093007217
2007;LA;0.7404493241;9.8902824091;7.4866347943
2008;LA;0.6713754161;9.1045697874;7.3740487669
2009;LA;0.6428653478;8.971219543;7.1658635116
2010;LA;0.5553156274;8.4001581399;6.6107758711
2011;LA;0.5546294608;8.4770237429;6.5427380842
2012;LA;0.496269774;8.0619990639;6.1556664798
2013;LA;0.5211821094;8.2271902091;6.3348737069
2014;LA;0.5158754912;7.9873477895;6.4586581783
2015;LA;0.539777595;7.8618364689;6.8657952521
2016;LA;0.5650045442;7.7631201857;7.2780599903
2017;LA;0.5563479459;7.8469338775;7.0900042563
2018;LA;0.5375347266;7.6270746343;7.0477181926
1979;MA;0.5312879182;11.8358814353;4.4887904723
1980;MA;0.6012965829;12.1582923205;4.945567741
1981;MA;0.6286481802;11.670745234;5.3865298885
1982;MA;0.571371735;11.0074727556;5.1907622002
1983;MA;0.576799029;10.0215363274;5.7555948521
1984;MA;0.5236633322;9.1768540876;5.7063491169
1985;MA;0.5381999313;9.5155960151;5.6559770974
1986;MA;0.5568587106;9.4466735254;5.8947597698
1987;MA;0.564645602;9.4676345004;5.963956488
1988;MA;0.6195878045;9.9817748254;6.2071907582
1989;MA;0.6749873161;10.2720108236;6.5711312777
1990;MA;0.7363176637;10.5957275292;6.949194019
1991;MA;0.7361240827;10.6446964643;6.915406984
1992;MA;0.7790430143;10.0057019006;7.7859906489
1993;MA;0.8049401198;9.7878908849;8.2238362608
1994;MA;0.7076477404;8.8820062903;7.9672060265
1995;MA;0.6871748436;8.6832400395;7.9138068333
1996;MA;0.6421864741;7.6742613263;8.3680558526
1997;MA;0.6441811049;7.3503759398;8.7639205152
1998;MA;0.6213112087;6.8717423133;9.0415382357
1999;MA;0.5509646781;6.5248416683;8.4441080115
2000;MA;0.4761307002;6.0522307345;7.8670282255
2001;MA;0.4778037244;6.1758767624;7.7366136474
2002;MA;0.4848640568;6.1942134604;7.8276937
2003;MA;0.4731356839;6.0719364982;7.7921711471
2004;MA;0.460234773;5.8569631091;7.8579080042
2005;MA;0.4607851534;5.638447177;8.1721995247
2006;MA;0.5004821201;5.7838874801;8.6530403954
2007;MA;0.4416756916;5.6817662066;7.7735632811
2008;MA;0.4637912135;5.7265911015;8.0989057058
2009;MA;0.4626161754;5.5715045543;8.303254011
2010;MA;0.4688758968;5.6512534731;8.2968477539
2011;MA;0.4273041801;5.3597977782;7.9723936948
2012;MA;0.4070092816;5.1275916237;7.9376305966
2013;MA;0.4063871225;4.9307529102;8.2418877986
2014;MA;0.3950926734;4.5293765148;8.7228931414
2015;MA;0.3899183991;4.1793627584;9.3296136673
2016;MA;0.3806574155;3.9119125767;9.7307239883
2017;MA;0.3543221385;3.5637656001;9.9423525083
2018;MA;0.3381120865;3.2028575448;10.5565758642
1979;MD;0.7955410942;12.5893468306;6.3191609934
1980;MD;0.8524141557;13.2602581311;6.4283375727
1981;MD;0.8871157005;13.1154658531;6.7638901315
1982;MD;0.85003517;12.0247596717;7.0690408224
1983;MD;0.807063197;10.7139405204;7.5328325324
1984;MD;0.7922510922;10.4290641527;7.5965693624
1985;MD;0.8345856102;10.745582878;7.7667784026
1986;MD;0.8330047054;11.2035850325;7.4351620748
1987;MD;0.7678059537;10.9551929438;7.0086027479
1988;MD;0.8067614126;11.4092592593;7.0711112285
1989;MD;0.8553898594;11.1251384746;7.6888019088
1990;MD;0.918964636;11.6609376033;7.8807096584
1991;MD;0.9561522634;12.418436214;7.6994578617
1992;MD;1.0001018745;12.4491850041;8.0334726664
1993;MD;0.9977844914;12.2129707956;8.1698753575
1994;MD;0.9480023971;12.245145825;7.7418628628
1995;MD;0.9868504562;12.5895279651;7.8386612977
1996;MD;0.9311908517;12.1238564669;7.6806489278
1997;MD;0.8466234786;11.3062033765;7.4881324031
1998;MD;0.7965530672;10.7313339825;7.4226845282
1999;MD;0.7434207448;9.8390566695;7.5558132222
2000;MD;0.7866158808;9.6322354104;8.1664935218
2001;MD;0.7814218841;9.7139310433;8.0443425076
2002;MD;0.7708431757;9.5080749102;8.1072476073
2003;MD;0.7034800292;9.0051539191;7.8119711841
2004;MD;0.7005695758;8.6826321464;8.0686313086
2005;MD;0.7043260169;8.5105210588;8.2759447051
2006;MD;0.6786476622;8.3193146675;8.1574948094
2007;MD;0.6418795289;8.1468489647;7.8788686484
2008;MD;0.6282487015;8.2916119133;7.5769187953
2009;MD;0.5899663092;7.5768342294;7.7864486847
2010;MD;0.5462969701;7.0835568017;7.7121845049
2011;MD;0.4934779467;6.7012787923;7.3639369733
2012;MD;0.4772579436;6.4706634032;7.3757189002
2013;MD;0.4754377909;6.2889634614;7.5598752293
2014;MD;0.4479573233;5.9487433866;7.5302848719
2015;MD;0.470143118;5.7159961921;8.2250425333
2016;MD;0.4816629797;5.6305388172;8.5544740085
2017;MD;0.5032622167;5.4781406004;9.1867342116
2018;MD;0.4686632737;5.0038409868;9.3660704836
1979;ME;0.202461258;8.6145852325;2.3502148103
1980;ME;0.1933841786;8.7351268611;2.2138680033
1981;ME;0.1955830389;8.4865724382;2.3046175626
1982;ME;0.1630185349;7.719505737;2.1117742562
1983;ME;0.1595986038;7.3623036649;2.1677807804
1984;ME;0.1584775087;7.0546712803;2.2464194624
1985;ME;0.1675257732;7.3434707904;2.2812887527
1986;ME;0.1470187394;6.9224872232;2.1237849145
1987;ME;0.152148273;7.0645324347;2.1536920435
1988;ME;0.1573797678;7.1553897181;2.199457668
1989;ME;0.1371522095;7.1672667758;1.9135915236
1990;ME;0.1432494413;7.3955476217;1.9369686826
1991;ME;0.1320647773;7.5353846154;1.7525950442
1992;ME;0.1308502024;7.0471255061;1.8567883077
1993;ME;0.1257465698;6.3078288943;1.9935000128
1994;ME;0.1299193548;6.545483871;1.9848701395
1995;ME;0.1314262691;6.5693795326;2.0005887692
1996;ME;0.1249396621;6.7882542237;1.8405271516
1997;ME;0.1207729469;6.2634460548;1.92821884
1998;ME;0.1258842444;6.081511254;2.0699500357
1999;ME;0.1120475005;5.7495371257;1.9488090611
2000;ME;0.1095752449;5.2395321129;2.0913173653
2001;ME;0.1117192305;5.3857232944;2.0743589002
2002;ME;0.1078080522;5.3102416105;2.0301910939
2003;ME;0.1086155339;5.1176095417;2.1223880597
2004;ME;0.1037274189;5.0348863295;2.0601739971
2005;ME;0.1125001896;5.0631912731;2.2219225698
2006;ME;0.1159980448;5.3256192994;2.1781137223
2007;ME;0.1188120015;5.1341968271;2.3141302419
2008;ME;0.1194115109;5.1661430386;2.3114247905
2009;ME;0.1198512328;5.0498330806;2.3733701857
2010;ME;0.122120359;5.201378054;2.3478462385
2011;ME;0.123292868;5.3392285088;2.3091888234
2012;ME;0.122393585;5.2727096178;2.321265418
2013;ME;0.1325353616;4.8766390056;2.7177603556
2014;ME;0.1276446037;4.2545194308;3.0002120291
2015;ME;0.1298278314;3.9498199635;3.2869303574
2016;ME;0.1239633387;3.5727602403;3.4696797542
2017;ME;0.12059356;3.2585728164;3.700809121
2018;ME;0.1121484993;2.9399194862;3.8146792721
1979;MI;0.6142267593;12.2939834926;4.9961573457
1980;MI;0.639501316;13.3518954223;4.7895920073
1981;MI;0.6418650147;13.7080752092;4.6823861474
1982;MI;0.6565594467;13.5690196509;4.8386653096
1983;MI;0.7166501268;12.9549674716;5.5318558567
1984;MI;0.7600991736;13.1120220386;5.7969638193
1985;MI;0.7340889085;12.7325264085;5.7654615031
1986;MI;0.8039037726;12.9829196282;6.1920107
1987;MI;0.7801304348;12.9136086957;6.041149714
1988;MI;0.7417204301;12.1687526882;6.095287242
1989;MI;0.7091556131;11.9366332363;5.9410019478
1990;MI;0.790378188;11.989546972;6.5922272949
1991;MI;0.8030742955;12.2761101623;6.5417651427
1992;MI;0.7700752358;11.2211931758;6.8626858455
1993;MI;0.7915277485;10.9050010551;7.2583922227
1994;MI;0.7661225779;10.8903959562;7.0348459414
1995;MI;0.6878207142;10.3655461305;6.6356437524
1996;MI;0.6353033146;10.2349593496;6.2071894267
1997;MI;0.5899631676;9.8338244322;5.9993258132
1998;MI;0.6208312112;9.3657940308;6.6287087793
1999;MI;0.5749218732;8.6497512362;6.646686795
2000;MI;0.5550063974;8.2197172918;6.7521348689
2001;MI;0.5538929307;8.1504329387;6.7958712728
2002;MI;0.5407229414;7.7538072696;6.9736443346
2003;MI;0.5112888208;7.5798691656;6.7453515303
2004;MI;0.492240558;7.1166799252;6.9167162668
2005;MI;0.5537761094;7.3029224421;7.5829383886
2006;MI;0.5644117963;7.579012055;7.4470365288
2007;MI;0.5338160265;7.1946267517;7.4196486483
2008;MI;0.5149437862;6.929868599;7.4307871626
2009;MI;0.4997629323;6.6971542952;7.4623177292
2010;MI;0.4929866865;6.483534763;7.6036715241
2011;MI;0.4427648183;5.97480905;7.4105266725
2012;MI;0.454964974;5.9541701868;7.6411147102
2013;MI;0.4521734422;5.5999110141;8.074654062
2014;MI;0.4291416582;4.991717682;8.5970739039
2015;MI;0.4205807487;4.7449236039;8.8638044319
2016;MI;0.4608874363;4.8239759721;9.5540989217
2017;MI;0.449889625;4.505050746;9.9863386762
2018;MI;0.449363565;4.2056780195;10.6846877706
1979;MN;0.2210098522;8.7856650246;2.5155733982
1980;MN;0.2277632297;9.5989520429;2.3727926615
1981;MN;0.2284596577;9.473398533;2.4115913302
1982;MN;0.2192596177;8.9092668764;2.4610287328
1983;MN;0.1908542471;8.0683880309;2.3654569708
1984;MN;0.211484863;7.6830370014;2.75262065
1985;MN;0.2564035297;8.2684474124;3.1009876087
1986;MN;0.284551495;8.7243948742;3.2615613933
1987;MN;0.2853980217;9.2315591145;3.0915473554
1988;MN;0.2900603809;8.6294472829;3.3612857389
1989;MN;0.2882839421;8.7664139674;3.2885047772
1990;MN;0.3060959306;9.0776003012;3.3719917211
1991;MN;0.3160198556;8.9925090253;3.514256752
1992;MN;0.3380357143;9.1814285714;3.6817333126
1993;MN;0.3539074607;8.8259021474;4.0098729262
1994;MN;0.3590321874;8.6819794176;4.1353724786
1995;MN;0.3560954447;8.9946637744;3.9589633767
1996;MN;0.338814942;8.9261914985;3.7957391133
1997;MN;0.3377507469;8.8276995305;3.8260335633
1998;MN;0.3101798942;8.092994709;3.8326961197
1999;MN;0.2740022632;7.1951298166;3.8081628852
2000;MN;0.2807817657;6.9767957135;4.0245089184
2001;MN;0.2637156726;7.1497541897;3.6884578907
2002;MN;0.2672349954;7.0631395415;3.783515728
2003;MN;0.2629452554;6.7524957683;3.8940454676
2004;MN;0.2698101812;6.6229167754;4.0738875393
2005;MN;0.2973235033;6.7701515525;4.3916816485
2006;MN;0.3104642236;6.7859327697;4.575114934
2007;MN;0.2896325069;6.6688586952;4.3430595865
2008;MN;0.2653631633;6.258915756;4.2397625023
2009;MN;0.2444640495;5.7787245258;4.2304153523
2010;MN;0.2356581802;5.6093237411;4.2011870074
2011;MN;0.230452795;5.5544303769;4.1489906132
2012;MN;0.2308516211;5.5978032755;4.1239680948
2013;MN;0.2344127509;5.3348542805;4.3939860125
2014;MN;0.2291499645;5.0798176696;4.5109879803
2015;MN;0.2429394968;4.9664975508;4.8915658226
2016;MN;0.2418982634;4.7877213781;5.0524716094
2017;MN;0.2396664604;4.876839815;4.9143804088
2018;MN;0.2204349567;4.428409787;4.9777452251
1979;MO;0.5271569433;9.879663106;5.3357785346
1980;MO;0.5544869022;10.8662049649;5.1028570141
1981;MO;0.5401984609;10.7027136493;5.0473036897
1982;MO;0.5065239346;9.8956170471;5.1186695296
1983;MO;0.47722334;9.0597987928;5.267482766
1984;MO;0.4606829073;8.5940095847;5.3605119102
1985;MO;0.5034997017;8.732073971;5.7660952416
1986;MO;0.5785629688;9.3080536913;6.2157244468
1987;MO;0.5446208113;9.4149323927;5.7846491995
1988;MO;0.5525004865;9.6894726601;5.702069719
1989;MO;0.6325644505;10.2542353169;6.1688115293
1990;MO;0.7152917303;10.2411671672;6.9844747046
1991;MO;0.7630476929;10.8313299729;7.0448199327
1992;MO;0.7403812825;10.1942615059;7.2627260157
1993;MO;0.7444210929;10.1908291937;7.3048137566
1994;MO;0.7434634331;10.6153088291;7.003691038
1995;MO;0.6637678437;10.2410593539;6.4814373278
1996;MO;0.5909498041;10.1679417802;5.8118920903
1997;MO;0.5774157719;9.6290633099;5.996593369
1998;MO;0.5556536128;9.6527302813;5.7564398528
1999;MO;0.500206827;9.1568224203;5.4626682058
2000;MO;0.4900440752;9.0555298093;5.4115450505
2001;MO;0.5405415953;9.5394096722;5.6664050907
2002;MO;0.5389675078;9.2098059385;5.8521049346
2003;MO;0.4907501114;9.1492102747;5.3638521429
2004;MO;0.4900745408;8.7804009076;5.5814597299
2005;MO;0.5256737022;8.9099424375;5.8998551993
2006;MO;0.5459278934;8.759766225;6.232219895
2007;MO;0.5607293803;8.7804280576;6.3861280635
2008;MO;0.5024185479;8.3301573769;6.0313212007
2009;MO;0.4929036439;7.7258591952;6.3799201024
2010;MO;0.457660179;7.6153719782;6.0096890906
2011;MO;0.4474633316;7.5211716323;5.9493833334
2012;MO;0.4513055144;7.5359339712;5.9887137558
2013;MO;0.4336866825;7.1700074625;6.048622471
2014;MO;0.4433173968;6.7344269551;6.5828525531
2015;MO;0.4985349406;6.7479301222;7.3879683331
2016;MO;0.5207532995;6.6869845823;7.7875654283
2017;MO;0.5312172389;6.7390104331;7.8827187485
2018;MO;0.5020524114;6.2982946737;7.9712436052
1995;MS;0.5027808676;9.0289210234;5.5685598127
1996;MS;0.4882547865;9.045802651;5.3975838882
1997;MS;0.4689857195;9.2604906628;5.0643722519
1998;MS;0.4106831395;8.7679505814;4.6839125714
1999;MS;0.3493077235;8.5407923589;4.0898749059
2000;MS;0.3609221214;8.0087659044;4.506588477
2001;MS;0.3498928047;8.3654662865;4.1825857961
2002;MS;0.3438757638;8.3329699696;4.1266891043
2003;MS;0.3238749543;8.062391027;4.017107992
2004;MS;0.2953700537;7.5530342309;3.9106145251
2005;MS;0.2795602951;7.1075910024;3.9332636752
2006;MS;0.3118321686;7.0041298178;4.4521186316
2007;MS;0.2912855863;6.8102994911;4.2771332844
2008;MS;0.3042926981;6.4268305714;4.7347241343
2009;MS;0.2862808757;6.489033183;4.4117647059
2010;MS;0.2693200704;6.5045561185;4.1404834619
2011;MS;0.2689879316;6.5705734793;4.0938273119
2012;MS;0.2601416397;6.1412044401;4.2360035768
2013;MS;0.2774875794;6.0299324311;4.6018356353
2014;MS;0.2783082892;6.3874274539;4.3571264199
2015;MS;0.2739689368;6.3157032037;4.3379007526
2016;MS;0.281736375;6.1345240109;4.5926362748
2017;MS;0.2562496174;6.0491767801;4.2361072712
2018;MS;0.2343522416;5.2746833281;4.4429632451
1979;MT;0.224173028;8.9211195929;2.5128351398
1980;MT;0.2226225448;10.0489769598;2.2153752133
1981;MT;0.253030303;10.0378787879;2.520754717
1982;MT;0.2248439451;8.6664169788;2.5944279582
1983;MT;0.2126070991;9.2888616891;2.2888391092
1984;MT;0.2376213592;9.3053398058;2.5536021702
1985;MT;0.2084745763;9.0985472155;2.2912952072
1986;MT;0.1573870574;8.9577533578;1.7569925304
1987;MT;0.1511742892;9.1987639061;1.6434196028
1988;MT;0.1230099502;8.534079602;1.4413967995
1989;MT;0.1160049628;7.9950372208;1.4509621353
1990;MT;0.159311195;9.0042737449;1.7692842252
1991;MT;0.1398514851;7.2962871287;1.9167486515
1992;MT;0.1699029126;9.1922330097;1.848331221
1993;MT;0.1774731824;9.5799761621;1.8525430477
1994;MT;0.1771028037;10.0376168224;1.7643909592
1995;MT;0.1713793103;9.5947126437;1.7861849199
1996;MT;0.1609783845;8.987258248;1.791184587
1997;MT;0.1320819113;8.817519909;1.4979485459
1998;MT;0.2042045455;8.7184090909;2.3422225698
1999;MT;0.2367523469;7.0670009142;3.3501106017
2000;MT;0.3111300772;7.7599632009;4.0094272247
2001;MT;0.3520061145;7.3697069303;4.7763923026
2002;MT;0.351175124;7.0186692912;5.003443095
2003;MT;0.3649702611;6.9223455248;5.2723496649
2004;MT;0.29376861;6.4596728952;4.5477319794
2005;MT;0.2817904929;6.8556182113;4.110358603
2006;MT;0.3772897806;6.4681272707;5.8330605565
2007;MT;0.3798045854;6.5719347588;5.7791898332
2008;MT;0.3114405028;6.0599106921;5.139357964
2009;MT;0.2869775967;5.6665254685;5.0644367217
2010;MT;0.2757937269;5.679756357;4.8557316466
2011;MT;0.2761442445;5.3404592915;5.1707957958
2012;MT;0.2787684462;5.7494127265;4.8486421034
2013;MT;0.2881174226;5.7761434044;4.988058683
2014;MT;0.3284625879;5.6846211881;5.7780910466
2015;MT;0.353366477;6.0316469862;5.8585404251
2016;MT;0.3741373467;6.2255453201;6.0097120411
2017;MT;0.3738521874;5.9313069158;6.3030322436
2018;MT;0.3740921863;5.74072418;6.5164633346
1979;NC;0.4461113093;8.7449875134;5.1013372933
1980;NC;0.4550055487;9.2809563861;4.9025717805
1981;NC;0.4366661065;9.0404301798;4.830147436
1982;NC;0.4463366008;9.0864927729;4.9120888765
1983;NC;0.4095856626;8.3673462677;4.8950485555
1984;NC;0.403649635;8.0883049473;4.9905343291
1985;NC;0.4208952838;8.2427498002;5.1062484484
1986;NC;0.4758805876;8.6636866214;5.49281857
1987;NC;0.4840012475;9.2997349135;5.2044628365
1988;NC;0.5018847686;9.7244866687;5.161041253
1989;NC;0.5463704155;10.5075331;5.1997972337
1990;NC;0.6235369353;10.9717276719;5.6831244259
1991;NC;0.6583791005;11.7774380288;5.5901724881
1992;NC;0.6809878708;11.6044717229;5.8683228938
1993;NC;0.6793088553;11.3046796256;6.009094267
1994;NC;0.6549929279;11.2504950495;5.8219031694
1995;NC;0.6463933287;11.2790548992;5.7309174791
1996;NC;0.5881196231;11.0524102144;5.3211888782
1997;NC;0.607016835;10.982976431;5.5268882605
1998;NC;0.57941956;10.6444473893;5.4433972835
1999;NC;0.5420878814;10.3511154209;5.2369996793
2000;NC;0.4975704138;9.8386533112;5.0573020315
2001;NC;0.4931084845;9.8522258733;5.0050464821
2002;NC;0.4709709577;9.4590540127;4.9790492483
2003;NC;0.454128217;9.4500420962;4.8055681912
2004;NC;0.4477974743;9.2166377768;4.8585773378
2005;NC;0.4687251909;9.0978810047;5.1520259566
2006;NC;0.4752213204;9.1827871152;5.1751316285
2007;NC;0.4660727387;9.0966238724;5.1235793111
2008;NC;0.4676107579;9.0190702781;5.1846891471
2009;NC;0.4045034562;8.1368237791;4.9712697136
2010;NC;0.3627421672;7.6123868935;4.7651567408
2011;NC;0.3462920249;7.6929445267;4.5014236572
2012;NC;0.3535362446;7.4485934255;4.7463490682
2013;NC;0.3410222667;6.9066070919;4.9376236721
2014;NC;0.3291421149;6.4199713754;5.1268470784
2015;NC;0.3461221347;6.2099895308;5.5736347531
2016;NC;0.3718436195;6.2413351438;5.9577576103
2017;NC;0.3703995794;5.9104646181;6.2668436971
2018;NC;0.3776139728;5.7434497796;6.5746892072
1979;ND;0.0613394216;5.5117199391;1.1128907544
1980;ND;0.0539515693;5.9273155876;0.9102192801
1981;ND;0.0674772036;5.9820668693;1.1279914638
1982;ND;0.0617910448;5.296119403;1.1667230301
1983;ND;0.0536764706;5.3508823529;1.0031330732
1984;ND;0.0536443149;5.1667638484;1.038257533
1985;ND;0.0470072993;5.3588321168;0.8771929825
1986;ND;0.0512518409;5.21089838;0.9835509581
1987;ND;0.0568452381;5.6660714286;1.0032566446
1988;ND;0.0591251885;5.4561085973;1.0836512412
1989;ND;0.0631818182;5.1218181818;1.2335818246
1990;ND;0.073888541;5.8447088291;1.2641954146
1991;ND;0.0653543307;5.5877165354;1.1696071247
1992;ND;0.0833333333;5.8066037736;1.4351475765
1993;ND;0.0822047244;5.6406299213;1.4573678039
1994;ND;0.0818181818;5.4717868339;1.4952735606
1995;ND;0.0867394696;5.7326053042;1.5130898601
1996;ND;0.0840062112;5.3381987578;1.5736808424
1997;ND;0.0872074883;5.4227769111;1.6081703107
1998;ND;0.0893416928;5.3620689655;1.6661794797
1999;ND;0.0669122219;4.7886425972;1.3973108358
2000;ND;0.0814388041;4.5761445033;1.7796379475
2001;ND;0.0793339094;4.8194171707;1.6461307778
2002;ND;0.0782444223;4.8139249832;1.6253768515
2003;ND;0.080202084;4.3801705084;1.8310265283
2004;ND;0.0876933812;4.102101498;2.1377672209
2005;ND;0.1112503053;4.2716335358;2.6043972259
2006;ND;0.1973683176;4.5965587143;4.2938278363
2007;ND;0.2099372377;4.420405962;4.7492750548
2008;ND;0.2246364273;4.5114352569;4.9792674499
2009;ND;0.2663702531;4.4944376078;5.9266648321
2010;ND;0.229459451;4.0193943634;5.7088066086
2011;ND;0.2481233753;4.3908636855;5.6509013504
2012;ND;0.2456708182;4.56836507;5.3776529338
2013;ND;0.273396541;4.8294069132;5.6610790091
2014;ND;0.2703907897;4.8633857629;5.5597232641
2015;ND;0.2575198029;5.2342980967;4.9198535908
2016;ND;0.2521348743;5.1689634543;4.8778614226
2017;ND;0.2824507135;4.9752640444;5.6770999681
2018;ND;0.2806294625;4.6416349922;6.0459183673
1979;NE;0.2259212198;7.9861499365;2.8289128256
1980;NE;0.2245637727;8.6104093493;2.6080499035
1981;NE;0.181535533;8.3550761421;2.1727573742
1982;NE;0.2295712484;7.9016393443;2.9053622726
1983;NE;0.2177207264;7.5753287414;2.8740762783
1984;NE;0.2258405978;6.9929016189;3.2295692127
1985;NE;0.2379202989;7.3891656289;3.2198533749
1986;NE;0.2625782228;7.7113892365;3.4050702762
1987;NE;0.2511919699;8.2631116688;3.0399198263
1988;NE;0.2732042473;8.2800749532;3.2995383362
1989;NE;0.2795158287;8.1832402235;3.4157109048
1990;NE;0.3300208758;8.426207801;3.9166002496
1991;NE;0.3345888261;8.7082234777;3.8422168077
1992;NE;0.3485678705;8.6480697385;4.0305857957
1993;NE;0.377784692;8.5620410703;4.4123204837
1994;NE;0.3895255699;8.8808379544;4.3861353166
1995;NE;0.3819792303;9.0889431888;4.2026803597
1996;NE;0.4347457627;8.8731234867;4.8995797631
1997;NE;0.4384429692;8.5675316838;5.1174945761
1998;NE;0.4514131088;8.8104630186;5.1236025608
1999;NE;0.4301848468;8.2164285354;5.2356671147
2000;NE;0.3275942973;8.1910261602;3.9994292645
2001;NE;0.3031326615;8.6250369904;3.5145665098
2002;NE;0.3141996476;8.5213630291;3.6871994131
2003;NE;0.2938171772;8.0915121081;3.6311776254
2004;NE;0.3085762807;7.6563308203;4.030341529
2005;NE;0.2873453713;7.4395832468;3.8623853211
2006;NE;0.293892942;7.3072292461;4.0219477464
2007;NE;0.3112865025;6.9074722849;4.5065182986
2008;NE;0.3123191689;6.383198238;4.892832045
2009;NE;0.2893768796;6.1148190017;4.7323866739
2010;NE;0.2782845693;5.892442167;4.7227373887
2011;NE;0.2536051338;6.0324584173;4.2040096462
2012;NE;0.2588190907;6.0371358504;4.2871172217
2013;NE;0.2647983995;5.8274374802;4.5439938299
2014;NE;0.2762111122;5.6346323381;4.9020254668
2015;NE;0.2728427234;5.0785604338;5.3724421893
2016;NE;0.2967598604;5.1745567605;5.7349812582
2017;NE;0.31180006;5.1977106502;5.9987960269
2018;NE;0.2847712189;4.7292548262;6.0214818062
1979;NH;0.1399098083;9.1576099211;1.5277982962
1980;NH;0.1798471136;9.3592307374;1.9216014508
1981;NH;0.1470588235;8.6436363636;1.7013536588
1982;NH;0.1248159832;7.6584647739;1.6297781195
1983;NH;0.1251303441;6.7126173097;1.8641066269
1984;NH;0.1338792221;6.275332651;2.1334203229
1985;NH;0.1407815631;6.5038076152;2.1646022062
1986;NH;0.1395326193;6.6601752678;2.0950292398
1987;NH;0.1495742668;6.7434247871;2.2180757036
1988;NH;0.147857794;6.6678213309;2.2174828425
1989;NH;0.1684733514;7.1924119241;2.3423762874
1990;NH;0.1315300761;7.290498462;1.8041300853
1991;NH;0.1192760181;6.8955656109;1.7297495932
1992;NH;0.1257425743;6.1611161116;2.0409057706
1993;NH;0.1377777778;5.8099555556;2.3714084636
1994;NH;0.1167985928;5.4819700967;2.130595219
1995;NH;0.1144599303;5.3108013937;2.1552289726
1996;NH;0.1181583477;5.6469879518;2.092413667
1997;NH;0.1132139812;5.2792838875;2.1444950425
1998;NH;0.1071729958;4.8396624473;2.2144725371
1999;NH;0.0964921483;4.5633542969;2.1145004743
2000;NH;0.1753539852;4.8662147006;3.6034987362
2001;NH;0.1702453391;4.6425205204;3.6670885643
2002;NH;0.1613301894;4.4422299034;3.631738854
2003;NH;0.1503059273;4.4064390221;3.4110520199
2004;NH;0.1694929605;4.44284;3.814968815
2005;NH;0.1347546982;3.94729492;3.4138492556
2006;NH;0.1357522844;4.23531917;3.2052433112
2007;NH;0.144091781;4.2999540973;3.3510074231
2008;NH;0.1561016835;4.6269633359;3.3737393647
2009;NH;0.1604288168;4.6679123492;3.4368429565
2010;NH;0.1673745659;4.7742759569;3.5057580963
2011;NH;0.2173307624;5.4059509473;4.0202133633
2012;NH;0.2149639419;5.2836790084;4.0684519547
2013;NH;0.2231940336;5.0992880776;4.3769645928
2014;NH;0.197666258;4.3587480685;4.5349319328
2015;NH;0.2023891239;3.9664358839;5.1025436901
2016;NH;0.1998479418;3.487900885;5.7297483034
2017;NH;0.1957374865;3.1400975131;6.2334843337
2018;NH;0.1731715984;2.8432874442;6.0905413815
1979;NJ;0.5011865794;11.6411620295;4.3052968261
1980;NJ;0.604358606;12.8026560017;4.72057209
1981;NJ;0.6306445075;12.359600054;5.1024669467
1982;NJ;0.6073541275;11.3522721162;5.350066676
1983;NJ;0.5530798072;10.3267273701;5.3558091286
1984;NJ;0.5277312043;9.7109780439;5.4343774836
1985;NJ;0.5444591378;10.1888124835;5.3436957317
1986;NJ;0.572480315;10.4825984252;5.461244357
1987;NJ;0.5410192909;10.5229927007;5.1413063405
1988;NJ;0.5828108808;10.5906735751;5.5030577299
1989;NJ;0.608983971;10.5388572906;5.7784630179
1990;NJ;0.6475521682;10.8944310281;5.9438823976
1991;NJ;0.6347551546;10.8626030928;5.8434902686
1992;NJ;0.6258184619;10.1287199897;6.1786530042
1993;NJ;0.6268562;9.6016499556;6.5286300055
1994;NJ;0.6141700405;9.3218623482;6.5884907709
1995;NJ;0.5997734424;9.407375708;6.3755659499
1996;NJ;0.5315348022;8.6658988483;6.1336372777
1997;NJ;0.4926487023;8.11401962;6.0715739599
1998;NJ;0.44017252;7.3081947012;6.0229993593
1999;NJ;0.4118666721;6.7999261243;6.0569286279
2000;NJ;0.383844266;6.3209873609;6.0725365221
2001;NJ;0.3888326748;6.4302965675;6.0468855634
2002;NJ;0.3761055652;6.0631920788;6.2030950082
2003;NJ;0.3643427321;5.8279563622;6.2516379577
2004;NJ;0.3562741345;5.578615308;6.3864259296
2005;NJ;0.3552621752;5.3844872259;6.5978831463
2006;NJ;0.350160925;5.2580302044;6.6595457122
2007;NJ;0.3286237958;5.0859782268;6.4613685135
2008;NJ;0.3265243224;5.2398222158;6.2315916264
2009;NJ;0.311366705;4.7742588518;6.5217809636
2010;NJ;0.3074574017;4.775152669;6.4386926039
2011;NJ;0.3079083073;4.9106411676;6.2702261642
2012;NJ;0.2901187212;4.6732942035;6.2080132041
2013;NJ;0.2889299694;4.349715682;6.6425024186
2014;NJ;0.2608726587;3.9991860245;6.5231438874
2015;NJ;0.256048372;3.7847013588;6.7653520769
2016;NJ;0.2434839286;3.5774573154;6.80606104
2017;NJ;0.2318040201;3.6156656946;6.4111021221
2018;NJ;0.2080817016;3.2259679498;6.4502098223
1979;NM;0.5859790492;11.5769540693;5.0615994989
1980;NM;0.6149872556;11.958094103;5.1428534542
1981;NM;0.6716654107;12.4012057272;5.4161298948
1982;NM;0.7345106696;13.2153053716;5.5580302457
1983;NM;0.6867762688;12.6923516798;5.4109457892
1984;NM;0.6880617978;12.4867977528;5.5103142645
1985;NM;0.7039310345;12.9724137931;5.4263689527
1986;NM;0.7255578093;13.2517917512;5.4751676072
1987;NM;0.6284666667;13.0936;4.7998004114
1988;NM;0.6581456954;13.2125827815;4.9812039497
1989;NM;0.7038612565;13.1476439791;5.3535162472
1990;NM;0.7802284912;13.3682360341;5.8364356318
1991;NM;0.834754522;13.3586563307;6.2487910557
1992;NM;0.934914611;12.8681846932;7.2653185612
1993;NM;0.9297029703;12.5321782178;7.4185265653
1994;NM;0.8892382104;12.3755743652;7.1854298165
1995;NM;0.8192284866;12.8560237389;6.3723317823
1996;NM;0.8405720957;13.2045534151;6.3657745121
1997;NM;0.8532947977;13.8130635838;6.1774478378
1998;NM;0.961427749;13.4382268279;7.154424176
1999;NM;0.834557581;11.9252070875;6.998264893
2000;NM;0.7578697845;11.0377637509;6.8661533404
2001;NM;0.7803663156;10.6375158048;7.3359826664
2002;NM;0.7407491399;10.1721125416;7.2821563548
2003;NM;0.6672657064;9.5127017368;7.0144710188
2004;NM;0.6873861669;9.7714878461;7.0346110824
2005;NM;0.646318637;9.5559415053;6.7635265097
2006;NM;0.6547122965;9.0859557382;7.2057614559
2007;NM;0.6757144344;8.9830271865;7.5221238938
2008;NM;0.6534613749;8.9384162922;7.3107064329
2009;NM;0.6323920682;8.6927661294;7.2749232953
2010;NM;0.5879724848;8.0277339849;7.3242646793
2011;NM;0.5726727712;8.2218760614;6.9652323499
2012;NM;0.5596244853;8.3275579063;6.7201512322
2013;NM;0.6224558495;8.866330122;7.0204452227
2014;NM;0.5976791923;8.3312595568;7.1739355641
2015;NM;0.6572040563;8.796016782;7.4716098499
2016;NM;0.6993754771;9.3292900464;7.4965562614
2017;NM;0.7786394828;9.3785453772;8.3023480874
2018;NM;0.856579181;8.5525248302;10.0155123541
1979;NV;0.8356125356;17.6632478632;4.7307977677
1980;NV;0.9126440688;17.7080938434;5.1538244426
1981;NV;0.8964497041;17.1839053254;5.2167984353
1982;NV;0.8054483541;15.8020431328;5.0971152741
1983;NV;0.6552188552;13.4026936027;4.8887102447
1984;NV;0.6285400659;13.1220636663;4.7899483027
1985;NV;0.6670940171;13.1491452991;5.0732880497
1986;NV;0.7188992731;12.5794392523;5.7148753508
1987;NV;0.6957298908;12.7428003972;5.4597880299
1988;NV;0.7806603774;12.9062264151;6.0487113138
1989;NV;0.6252925293;12.5434743474;4.985002655
1990;NV;0.600915435;12.1271424566;4.9551280292
1991;NV;0.6770249221;12.5975077882;5.3742766705
1992;NV;0.6968349661;12.407535795;5.6162237015
1993;NV;0.8752339813;12.3602591793;7.0810325948
1994;NV;1.0018531229;13.3548387097;7.501798746
1995;NV;0.9451633987;13.1586928105;7.1828061671
1996;NV;0.8112913288;11.9840299439;6.769770541
1997;NV;0.7987477639;12.1290399523;6.585416216
1998;NV;0.6436176302;10.5609616485;6.0943089431
1999;NV;0.5699037116;9.3060506187;6.1240125913
2000;NV;0.5241568027;8.5371401176;6.1397235542
2001;NV;0.589162911;8.5659586923;6.8779564806
2002;NV;0.6392750945;9.0199796536;7.0873230215
2003;NV;0.6160448166;9.8064986863;6.2820058031
2004;NV;0.6163578519;9.6527152066;6.3853313676
2005;NV;0.6074697975;9.7067488676;6.258221015
2006;NV;0.7488191882;9.6993463109;7.720305722
2007;NV;0.7548583408;9.0811426914;8.3123717624
2008;NV;0.7296839011;8.382461588;8.7048880977
2009;NV;0.7051986599;7.5377825533;9.3555187472
2010;NV;0.6629853458;6.8730232746;9.6461967224
2011;NV;0.5680823874;6.2886852635;9.0334046558
2012;NV;0.6086000565;6.8453800782;8.8906685902
2013;NV;0.6049807021;6.9217415477;8.7402960356
2014;NV;0.63570168;6.5610487475;9.6890254053
2015;NV;0.6976313546;6.787740164;10.2778146744
2016;NV;0.6778590758;6.5807514424;10.3006333204
2017;NV;0.5605898254;6.3909864235;8.7715696493
2018;NV;0.5411298211;5.9586895826;9.0813561197
1979;NY;0.917366423;12.4102215423;7.3920229377
1980;NY;1.0295207147;13.8231041962;7.4478257564
1981;NY;1.0695578038;13.8107877686;7.7443649249
1982;NY;0.9900503992;12.936202503;7.653331022
1983;NY;0.9140714326;11.8051848078;7.7429658874
1984;NY;0.9143332394;11.154508035;8.1969840041
1985;NY;0.9299049654;11.1770904797;8.3197408763
1986;NY;0.9858766599;11.53541526;8.5465207597
1987;NY;1.0080841515;11.9048639551;8.4678342841
1988;NY;1.0973069617;12.6186277796;8.6959293897
1989;NY;1.1311532033;12.5864958217;8.9870383256
1990;NY;1.1809484529;12.7275713705;9.2786629795
1991;NY;1.1639384206;12.4892125374;9.319550109
1992;NY;1.1220873117;11.7168607539;9.5766889718
1993;NY;1.0735395944;11.1026652745;9.6692061581
1994;NY;0.9655622214;10.1412075513;9.5211760185
1995;NY;0.8418780326;9.1202580503;9.230857592
1996;NY;0.727005774;8.2645697003;8.7966560916
1997;NY;0.6885923802;7.8218889563;8.8034026572
1998;NY;0.6377716644;7.1769133425;8.8864339576
1999;NY;0.588829749;6.5588403021;8.9776503453
2000;NY;0.5539021325;6.1991445505;8.9351381954
2001;NY;0.5136250383;5.8270258091;8.8145317207
2002;NY;0.4966475636;5.614223635;8.8462376262
2003;NY;0.4657714994;5.4294551573;8.578604776
2004;NY;0.4404087045;5.2658595291;8.3634723273
2005;NY;0.444399668;5.0925254097;8.7265086036
2006;NY;0.4351766478;4.9993621215;8.7046434573
2007;NY;0.4143596379;4.8045653455;8.6242897758
2008;NY;0.3978697708;4.7833545071;8.31779811
2009;NY;0.3843624115;4.6326851949;8.2967522153
2010;NY;0.3943861179;4.7042758917;8.3835669287
2011;NY;0.3972132361;4.6078232696;8.6204095259
2012;NY;0.4062857179;4.6465069057;8.7438957087
2013;NY;0.3938071699;4.4421263952;8.8652851103
2014;NY;0.3846905983;4.2254898992;9.1040472818
2015;NY;0.3804390733;3.9960940252;9.5202733185
2016;NY;0.3746417046;3.8582726625;9.7100888758
2017;NY;0.3611199773;3.7174337501;9.7142276512
2018;NY;0.3504977354;3.582010611;9.784944086
1979;OH;0.4574783338;10.2596402945;4.4590094844
1980;OH;0.4982535214;10.8627738137;4.5867982701
1981;OH;0.4965571641;10.8947104677;4.5577821048
1982;OH;0.4367157817;9.87107775;4.4241955411
1983;OH;0.3979061977;9.0102549786;4.4161480291
1984;OH;0.3853236607;8.5461495536;4.5087399688
1985;OH;0.3816083395;8.3745718541;4.5567504368
1986;OH;0.4209449405;8.7173921131;4.8287943804
1987;OH;0.4213278932;9.1505934718;4.6043777868
1988;OH;0.4520235467;9.290544518;4.8654150018
1989;OH;0.4685889796;9.4664343999;4.9500050363
1990;OH;0.5061622376;9.6868706564;5.2252399724
1991;OH;0.5618429473;10.0660023768;5.5815896542
1992;OH;0.5259168482;9.3310094408;5.6362267293
1993;OH;0.504147507;8.9706067983;5.6199933664
1994;OH;0.48576833;8.9228967754;5.4440653328
1995;OH;0.4824589723;8.8103847189;5.4760261633
1996;OH;0.4286762732;8.9113219368;4.8104678094
1997;OH;0.4354192741;9.0247630967;4.8247169419
1998;OH;0.3624587385;8.6549379963;4.1878837107
1999;OH;0.3163995269;7.9931389914;3.9583889037
2000;OH;0.3341366353;8.083649105;4.1334876241
2001;OH;0.3513938147;8.3432303595;4.2117237518
2002;OH;0.3517316041;8.223619538;4.2770899417
2003;OH;0.3338526694;7.9678396318;4.1900023701
2004;OH;0.3387468611;8.0020660004;4.2332425282
2005;OH;0.3501273028;8.0355619564;4.3572223657
2006;OH;0.3614826478;8.0994033284;4.4630775023
2007;OH;0.3554486354;7.6470423567;4.6481844722
2008;OH;0.3520487275;7.5240533837;4.6789770032
2009;OH;0.3318563466;7.18641178;4.6178309395
2010;OH;0.3146654593;7.1614343184;4.393888784
2011;OH;0.3051553474;7.2054370992;4.2350705885
2012;OH;0.3014533589;7.0156827243;4.2968499391
2013;OH;0.2914101748;6.4627175671;4.5090965494
2014;OH;0.2856773796;6.1664147911;4.6327953809
2015;OH;0.2961889998;5.861410812;5.0532032189
2016;OH;0.3076690373;5.842063629;5.2664444762
2017;OH;0.2968159903;5.4042269251;5.4922932438
2018;OH;0.2799363734;4.914161001;5.696524255
1979;OK;0.4052213001;9.4060857538;4.308075758
1980;OK;0.4194582794;10.1057825201;4.1506758985
1981;OK;0.4268237573;9.6746287928;4.411784332
1982;OK;0.4439093484;10.4448851117;4.2500165746
1983;OK;0.4234081261;9.8582777441;4.2949502654
1984;OK;0.4074590661;9.785021225;4.1641101918
1985;OK;0.4219933354;10.8500454408;3.8893232075
1986;OK;0.4363993949;12.0281391831;3.62815385
1987;OK;0.417603912;12.0512836186;3.4652234998
1988;OK;0.434538768;11.1782408826;3.8873627127
1989;OK;0.4915322581;11.0052729529;4.4663340943
1990;OK;0.5474975243;11.19734485;4.8895298988
1991;OK;0.5837165354;11.3374488189;5.1485704126
1992;OK;0.6228206725;10.8632627646;5.7332744864
1993;OK;0.6348498917;10.588548437;5.9956272142
1994;OK;0.6514732965;11.1402701044;5.8479129357
1995;OK;0.6641244661;11.1935936547;5.9330764241
1996;OK;0.5970917904;11.3057861254;5.2812938768
1997;OK;0.5595417546;10.9893277058;5.0916832183
1998;OK;0.539378548;10.0077083956;5.3896309388
1999;OK;0.508212519;9.3677152533;5.4251490915
2000;OK;0.4977896944;9.1172282124;5.4598797218
2001;OK;0.5108980144;9.1887281937;5.5600514413
2002;OK;0.5039688225;9.4973779981;5.3063995414
2003;OK;0.5064353913;9.6373873546;5.2549033533
2004;OK;0.5004901312;9.4851606876;5.2765593302
2005;OK;0.5092223889;9.1126085879;5.5881077733
2006;OK;0.5002497756;8.2494694363;6.0640236262
2007;OK;0.5040753973;8.1246979805;6.2042355119
2008;OK;0.5314959171;8.0109577277;6.6346114302
2009;OK;0.5033834637;8.1859481157;6.149360546
2010;OK;0.4813594228;7.8487648477;6.1329321515
2011;OK;0.4574591528;7.6597651845;5.9722346804
2012;OK;0.4743984192;7.8133959505;6.0716034641
2013;OK;0.4460543383;7.4984726655;5.9486025785
2014;OK;0.4137529288;6.917061251;5.9816288126
2015;OK;0.428569893;6.7313061785;6.3668162117
2016;OK;0.4553444896;6.9817533224;6.5219217662
2017;OK;0.457428089;6.6927051548;6.8347264438
2018;OK;0.4661331919;6.6822906668;6.975649745
1979;OR;0.5453502176;12.7459438069;4.2786177776
1980;OR;0.4904084579;13.3738776476;3.6669129989
1981;OR;0.4786928598;14.0738194182;3.401300284
1982;OR;0.4729709324;13.1349943375;3.6008461083
1983;OR;0.4878287002;12.501728024;3.9020901694
1984;OR;0.5060957367;12.4873597607;4.0528642277
1985;OR;0.5510606624;13.4596203945;4.0941768512
1986;OR;0.5496664196;14.1613787991;3.8814470495
1987;OR;0.5395374449;13.937958884;3.870993231
1988;OR;0.5457497264;14.1174024079;3.8657942206
1989;OR;0.5186170213;12.3222695035;4.2087784326
1990;OR;0.5068041224;11.2920391469;4.4881541395
1991;OR;0.5063312799;11.5102669405;4.3989534089
1992;OR;0.5102116224;11.6418542157;4.3825632325
1993;OR;0.5031002639;11.5311345646;4.3629727936
1994;OR;0.5206416073;12.5928062216;4.1344367419
1995;OR;0.5223814072;13.1278573703;3.9791825312
1996;OR;0.4630774032;11.993258427;3.8611475444
1997;OR;0.4444033302;12.5395004625;3.5440273843
1998;OR;0.419804997;11.2932967703;3.7172935901
1999;OR;0.374892119;10.0035161214;3.7476034872
2000;OR;0.3507337203;9.6907726927;3.6192544336
2001;OR;0.3066123766;10.0864819641;3.0398346787
2002;OR;0.2925273161;9.7400972345;3.003330553
2003;OR;0.2947538528;10.1207800625;2.9123629892
2004;OR;0.2986052928;9.8680640191;3.0259764446
2005;OR;0.287012098;9.3788980153;3.0601899873
2006;OR;0.2846443891;8.0195462659;3.549382716
2007;OR;0.2939328157;7.6739013544;3.8302918185
2008;OR;0.2614470483;7.1280138045;3.66788078
2009;OR;0.2605565528;6.5216510524;3.9952544329
2010;OR;0.2513591841;6.5812441446;3.8193262341
2011;OR;0.2492872061;6.7995974385;3.6662053653
2012;OR;0.2471408156;6.9775355204;3.5419499467
2013;OR;0.2427656548;6.8796670526;3.5287413317
2014;OR;0.2592162272;6.749518156;3.8405145558
2015;OR;0.2653657451;6.511325005;4.0754492343
2016;OR;0.268796612;6.5374380597;4.1116506126
2017;OR;0.280447172;6.4705184402;4.3342303191
2018;OR;0.2855361367;6.3590133708;4.4902584732
1979;PA;0.3335862245;6.9908277214;4.7717700654
1980;PA;0.3639309823;7.472678959;4.870154122
1981;PA;0.3717464599;7.3664194201;5.0465014097
1982;PA;0.360446692;6.9055204383;5.219689018
1983;PA;0.3428499369;6.3909709962;5.364598543
1984;PA;0.320594908;6.1190488194;5.2392931884
1985;PA;0.331055429;6.0748839956;5.4495761441
1986;PA;0.3585583312;6.2036840777;5.7797645196
1987;PA;0.3693615952;6.3264577748;5.838363399
1988;PA;0.3619689033;6.3527064106;5.6978692215
1989;PA;0.3786212625;6.7208305648;5.6335486933
1990;PA;0.4310262478;6.9522034958;6.199850854
1991;PA;0.4499958197;7.1170972327;6.32274374
1992;PA;0.4269797652;6.785427596;6.2925992377
1993;PA;0.4174551793;6.5427622842;6.3804118375
1994;PA;0.4266926651;6.543743777;6.5206199946
1995;PA;0.4273194168;6.7297713718;6.3496869838
1996;PA;0.4803002654;7.1127405441;6.7526751812
1997;PA;0.4420965058;6.8629450915;6.4417899302
1998;PA;0.4205482876;6.5459211732;6.4245852725
1999;PA;0.4204680067;6.2273053496;6.7520056125
2000;PA;0.4200290952;5.9906584565;7.0114011385
2001;PA;0.4099128155;5.9146049647;6.9305189094
2002;PA;0.4021307137;5.6849852788;7.0735576951
2003;PA;0.3977928278;5.6560627111;7.0330342519
2004;PA;0.4114576572;5.6575064801;7.2727739448
2005;PA;0.425308504;5.6943988996;7.4688920032
2006;PA;0.4423251862;5.7813351922;7.6509175039
2007;PA;0.4166883834;5.5603922273;7.4938667346
2008;PA;0.4100486501;5.6447642281;7.2642298869
2009;PA;0.3822998077;5.162649972;7.4051080309
2010;PA;0.3665121788;5.0791800607;7.2159713665
2011;PA;0.3624387042;5.173137869;7.0061675024
2012;PA;0.3555492882;5.0444064484;7.0483869966
2013;PA;0.3350599188;4.809606162;6.9664730857
2014;PA;0.3149815062;4.5127052884;6.9798820463
2015;PA;0.315418252;4.2814814745;7.3670353106
2016;PA;0.315857758;4.1447992252;7.6205804162
2017;PA;0.3129679518;3.9145778095;7.9949350099
2018;PA;0.3060187116;3.5918938461;8.5197036625
1979;RI;0.3751345533;11.5390742734;3.2509934887
1980;RI;0.4085279145;11.8652830568;3.4430524121
1981;RI;0.4417016807;11.7035714286;3.7740760021
1982;RI;0.4017745303;10.7281837161;3.745037752
1983;RI;0.3551832461;10.0108900524;3.5479687042
1984;RI;0.3347193347;9.548024948;3.505639507
1985;RI;0.3465909091;9.4469008264;3.6688318789
1986;RI;0.3354871795;9.8049230769;3.4216196992
1987;RI;0.3597363083;10.5709939148;3.403050945
1988;RI;0.3966834171;10.4088442211;3.8110227097
1989;RI;0.3779559118;10.4496993988;3.6169070267
1990;RI;0.4319038849;10.7053167827;4.0344801906
1991;RI;0.4619521912;10.078685259;4.5834568633
1992;RI;0.3945273632;9.1560199005;4.3089395553
1993;RI;0.4017;8.998;4.4643254056
1994;RI;0.3755265797;8.238114343;4.5584045584
1995;RI;0.367979798;8.4890909091;4.3347373932
1996;RI;0.3471717172;7.9870707071;4.3466713881
1997;RI;0.3335359676;7.3088145897;4.5634755607
1998;RI;0.312145749;7.0356275304;4.4366440327
1999;RI;0.2866315644;7.1651835502;4.0003380567
2000;RI;0.2977147223;6.9528454602;4.2819119745
2001;RI;0.3093447987;7.3646333396;4.2004100461
2002;RI;0.2855869837;7.1875064353;3.9733805642
2003;RI;0.2856654313;6.561755402;4.3534910069
2004;RI;0.2475192515;6.2669689124;3.9495847986
2005;RI;0.2524266961;5.9608095911;4.2347720099
2006;RI;0.2304212212;5.6900928242;4.0495160334
2007;RI;0.2291479176;5.6719781591;4.04
2008;RI;0.2527626886;6.1955408703;4.0797517741
2009;RI;0.2542705199;5.7416903957;4.4284958328
2010;RI;0.2573803262;5.6374747275;4.5655251449
2011;RI;0.2461342831;5.8177540294;4.2307440613
2012;RI;0.2529743769;5.6537916641;4.4744198579
2013;RI;0.2572734332;5.4335959231;4.7348650301
2014;RI;0.2199246;4.8220364449;4.5608240937
2015;RI;0.2429881575;4.3148633914;5.6314217968
2016;RI;0.2391340115;4.0961982515;5.8379501385
2017;RI;0.2341725304;3.986612222;5.8739731231
2018;RI;0.2191399914;3.7600904177;5.8280511118
1979;SC;0.6783424284;10.1323328786;6.6948296755
1980;SC;0.6599648824;10.8783096545;6.0667962516
1981;SC;0.6403979785;10.6381554011;6.0198216173
1982;SC;0.7199812676;10.7223228224;6.7147881993
1983;SC;0.6168198529;9.5418504902;6.4643630035
1984;SC;0.6244545455;9.3258787879;6.6959324655
1985;SC;0.6310427248;9.6810875411;6.5183040867
1986;SC;0.6746299586;10.2747779751;6.5658835664
1987;SC;0.6649051095;10.3237372263;6.4405466249
1988;SC;0.7411680504;10.8246779273;6.8470217346
1989;SC;0.813667426;11.2384965831;7.2400024323
1990;SC;0.9765672614;12.0904476234;8.0771803643
1991;SC;0.9725;12.3584269663;7.8691244659
1992;SC;0.9444629475;11.7861226755;8.0133473369
1993;SC;1.0233598682;11.8067526764;8.6675811401
1994;SC;1.0304585153;12.0016375546;8.5859826261
1995;SC;0.9819493602;12.1275796352;8.0968287963
1996;SC;0.9968910516;12.4282779129;8.0211519135
1997;SC;0.9902925532;12.2679255319;8.0722087089
1998;SC;0.9032064651;11.5540667362;7.8172169652
1999;SC;0.847201148;10.6495654877;7.9552649258
2000;SC;0.8281381013;10.6936370081;7.7442136914
2001;SC;0.8151890944;10.7908053051;7.554478756
2002;SC;0.8226825577;10.6033720213;7.7586880484
2003;SC;0.8063886323;10.6560925427;7.5673951694
2004;SC;0.7899202743;10.6537281093;7.4144962793
2005;SC;0.767377305;10.275462316;7.468056243
2006;SC;0.7711196462;10.091249081;7.6414687618
2007;SC;0.7856689269;10.1610156206;7.7321889485
2008;SC;0.7309701326;9.9422295638;7.3521751626
2009;SC;0.6752327546;9.168950036;7.3643410853
2010;SC;0.6021643672;9.0151486725;6.6794723975
2011;SC;0.5968740184;9.0357918991;6.6056636213
2012;SC;0.5604840733;8.7869862009;6.3785700862
2013;SC;0.5084526614;8.315023128;6.1148676746
2014;SC;0.4977677277;7.9964217379;6.2248808784
2015;SC;0.4994653547;7.6871452638;6.4974101251
2016;SC;0.5068125429;7.5754533126;6.6901942624
2017;SC;0.5060922457;7.3997967426;6.8392722575
2018;SC;0.4882844193;7.0118626069;6.9636906298
1979;SD;0.1590711176;5.9195936139;2.6871965871
1980;SD;0.1268495257;6.4863262605;1.9556451613
1981;SD;0.1048175182;6.0262773723;1.7393410853
1982;SD;0.0989869754;5.2897250362;1.8713066316
1983;SD;0.12;5.0951428571;2.3551842091
1984;SD;0.1474504249;5.2249291785;2.8220559532
1985;SD;0.1365819209;5.2816384181;2.5859763598
1986;SD;0.1247175141;5.431920904;2.296011233
1987;SD;0.1197461213;5.3559943583;2.2357402433
1988;SD;0.1137062937;5.161958042;2.2027744662
1989;SD;0.1355244755;5.3703496503;2.5235689359
1990;SD;0.1627864208;5.8186447204;2.7976690207
1991;SD;0.1822190612;6.1584637269;2.9588395621
1992;SD;0.1945147679;5.9977496484;3.2431291624
1993;SD;0.2083916084;5.9163636364;3.5222920902
1994;SD;0.2276005548;6.2044382802;3.6683506952
1995;SD;0.2075445816;6.1212620027;3.3905521692
1996;SD;0.1771857923;5.9398907104;2.9829806808
1997;SD;0.1974254743;6.4899728997;3.0420076833
1998;SD;0.1543360434;5.2482384824;2.940720851
1999;SD;0.1673639026;5.2885356409;3.1646549056
2000;SD;0.1667894293;4.6396341496;3.5948832163
2001;SD;0.154419483;4.6534199102;3.3184085241
2002;SD;0.1775294995;4.5610616001;3.8922846269
2003;SD;0.1737470666;4.3542662161;3.9902720231
2004;SD;0.1711606613;4.2054395092;4.0699827203
2005;SD;0.1789947644;3.8924586034;4.5985014256
2006;SD;0.2648611941;4.0625691408;6.5195492036
2007;SD;0.241894767;3.9574787683;6.1123452872
2008;SD;0.27692323;4.0025168056;6.9187274761
2009;SD;0.2187391908;3.9771880997;5.4998452491
2010;SD;0.2689205705;4.2576641138;6.3161527842
2011;SD;0.2555874079;4.226359379;6.0474603539
2012;SD;0.3238426611;4.8023672527;6.7433964148
2013;SD;0.323236863;4.5496800747;7.1046064261
2014;SD;0.3282534712;4.4544499967;7.3691133912
2015;SD;0.3848848201;4.714780766;8.1633662142
2016;SD;0.4220339809;4.8976138134;8.6171347316
2017;SD;0.4297561166;4.6584967582;9.2252101667
2018;SD;0.4046540888;4.266663644;9.4840869242
1979;TN;0.4140410959;8.0267579909;5.1582606123
1980;TN;0.4581143482;8.9957959253;5.0925382478
1981;TN;0.4125596529;8.6228199566;4.78450965
1982;TN;0.421113739;8.8272629542;4.7706037666
1983;TN;0.4020490928;8.0233084312;5.0110138018
1984;TN;0.4454102184;7.7791816833;5.7256693119
1985;TN;0.4744225115;8.3334313314;5.6930031902
1986;TN;0.5396418905;9.0684988549;5.9507300946
1987;TN;0.5334706488;9.331246138;5.7170354412
1988;TN;0.5327302297;8.9388900183;5.9596910649
1989;TN;0.5489473684;9.0272064777;6.081032596
1990;TN;0.670427716;10.1019748072;6.6366005537
1991;TN;0.7259236826;10.7333333333;6.7632641238
1992;TN;0.7461584395;10.2715366242;7.2643311978
1993;TN;0.7657776035;10.4790743283;7.30768367
1994;TN;0.7479227053;10.2396908213;7.3041532051
1995;TN;0.7714802131;10.7254185693;7.1930079755
1996;TN;0.7739661654;10.8986466165;7.1014887687
1997;TN;0.7896609538;11.0235842027;7.1633775302
1998;TN;0.7150064445;10.0688639293;7.1011630459
1999;TN;0.6950078736;9.3885787179;7.4026952796
2000;TN;0.7071717121;9.7804240007;7.2304811335
2001;TN;0.7440083292;10.2886597866;7.2313434854
2002;TN;0.7178491263;10.0508204434;7.1421943147
2003;TN;0.691318427;10.1612808304;6.8034575417
2004;TN;0.6976229609;10.0488385281;6.9423243185
2005;TN;0.7573191935;10.1145028875;7.4874583744
2006;TN;0.7624524264;9.8000547459;7.7800833381
2007;TN;0.754980047;9.7072482925;7.777487752
2008;TN;0.7226678904;9.5255779348;7.5866041446
2009;TN;0.6659991798;8.8652713185;7.5124511806
2010;TN;0.6120234635;8.5494844148;7.1586008449
2011;TN;0.6077546018;8.4313743567;7.2082507089
2012;TN;0.6384748116;8.0291697147;7.9519406648
2013;TN;0.5858307544;7.5938982979;7.7144930239
2014;TN;0.6107261714;7.3867795477;8.2678272376
2015;TN;0.6188878457;7.2138583812;8.5791515855
2016;TN;0.6385384314;7.0687538312;9.0332531966
2017;TN;0.6549612345;7.2134574411;9.0797130199
2018;TN;0.623721383;6.8982172848;9.0417764074
1979;TX;0.5079417258;11.8505341801;4.286234849
1980;TX;0.550310099;12.2860762822;4.4791362708
1981;TX;0.5324296849;12.1006167401;4.4000210592
1982;TX;0.5770811518;12.6044109948;4.5784063378
1983;TX;0.5122487917;11.814525566;4.3357542272
1984;TX;0.5049534055;12.0598911752;4.1870477779
1985;TX;0.5499694563;13.1373854612;4.1862930638
1986;TX;0.6589437717;14.8162330656;4.4474446967
1987;TX;0.6311334803;15.4448627077;4.0863651053
1988;TX;0.652556615;16.0353873659;4.0694783364
1989;TX;0.6585192161;15.8538755812;4.1536797276
1990;TX;0.7614454058;15.6535274168;4.8643694518
1991;TX;0.8400657098;15.6381001787;5.3719166666
1992;TX;0.8063491164;14.1158586316;5.7123632185
1993;TX;0.762126338;12.8781653818;5.9179729051
1994;TX;0.7064860159;11.7447491566;6.0153350784
1995;TX;0.6638698996;11.3686819056;5.8394623502
1996;TX;0.6444479297;11.4178377248;5.6442204318
1997;TX;0.6025309944;10.9610268018;5.4970305729
1998;TX;0.5646052632;10.2232995951;5.5227302878
1999;TX;0.5602934044;10.0634594418;5.5676023507
2000;TX;0.5450507438;9.910990983;5.4994575689
2001;TX;0.5715927995;10.2831863186;5.5585183594
2002;TX;0.5797416148;10.3997414538;5.5745771889
2003;TX;0.553064885;10.3059469563;5.3664635319
2004;TX;0.5409239924;10.0772403362;5.3677790182
2005;TX;0.5281242024;9.6943420828;5.4477570309
2006;TX;0.5172839991;9.2007655507;5.6221843306
2007;TX;0.5104252861;9.2655404574;5.5088560502
2008;TX;0.5080163279;8.9896096407;5.6511500297
2009;TX;0.4910116905;9.0126090788;5.4480526807
2010;TX;0.4483780563;8.4303437793;5.3186212572
2011;TX;0.4086099685;7.7836504358;5.2495930004
2012;TX;0.4085638827;7.5433919977;5.4161825718
2013;TX;0.4103164923;7.3558013339;5.5781345047
2014;TX;0.4066521473;6.8751496993;5.9148115321
2015;TX;0.4126667507;6.5396230698;6.3102528438
2016;TX;0.4338455428;6.4335706086;6.7434643863
2017;TX;0.4377546123;5.9819614058;7.3179110098
2018;TX;0.4108690574;5.5561375932;7.3948682961
1979;UT;0.3041697147;10.9840526701;2.7691938835
1980;UT;0.3033462693;11.7611975905;2.5792124222
1981;UT;0.2986147757;11.5;2.5966502237
1982;UT;0.2857142857;10.6680823681;2.6782159704
1983;UT;0.2559604694;10.2358245831;2.5006336065
1984;UT;0.2442493947;9.5324455206;2.5622952069
1985;UT;0.2673556231;10.6346504559;2.5140048016
1986;UT;0.2667267267;10.9567567568;2.434358384
1987;UT;0.2298214286;11.2372619048;2.0451728412
1988;UT;0.2430514488;11.1570668244;2.1784529274
1989;UT;0.2587580551;11.364264792;2.2769449657
1990;UT;0.2839481092;11.3198479264;2.5084092214
1991;UT;0.2868361582;11.2152542373;2.5575537756
1992;UT;0.2905129619;11.3170435742;2.5670393512
1993;UT;0.3010215054;10.4747311828;2.8737874044
1994;UT;0.3045073375;10.6018867925;2.8721994819
1995;UT;0.3288057406;12.1816504357;2.6991887707
1996;UT;0.3319;11.9717;2.7723715095
1997;UT;0.3340456532;11.9909664886;2.7858109148
1998;UT;0.3142380952;11.0118095238;2.8536463018
1999;UT;0.275561123;9.9537241365;2.7684223436
2000;UT;0.2557352354;8.9521214024;2.8566998139
2001;UT;0.2332019141;8.4527575227;2.7588856469
2002;UT;0.2366752645;8.8950741098;2.6607452802
2003;UT;0.2503699855;9.0108536175;2.7785379295
2004;UT;0.2332788589;8.5436987856;2.7304199828
2005;UT;0.2253512983;8.1240508301;2.7738784871
2006;UT;0.2263081343;7.4776976098;3.0264413748
2007;UT;0.239932258;7.5173229805;3.1917247483
2008;UT;0.2252940334;7.2019540831;3.1282347927
2009;UT;0.215401146;7.020755793;3.0680620774
2010;UT;0.2134766647;6.7909719367;3.1435362528
2011;UT;0.1970972307;6.369577028;3.0943535161
2012;UT;0.2080304154;6.4607472632;3.2199126031
2013;UT;0.2288834834;6.5758183429;3.4806844019
2014;UT;0.2195280825;6.2824970504;3.4942807101
2015;UT;0.2386786472;6.5242731302;3.6583178298
2016;UT;0.2432726378;6.4859783183;3.7507470094
2017;UT;0.2421757729;6.0401183584;4.0094540954
2018;UT;0.2330830517;5.2212122027;4.4641558819
1979;VA;0.3009813354;8.7225707139;3.4506035578
1980;VA;0.3072277705;9.2400137356;3.3249709281
1981;VA;0.3217102838;9.3416881681;3.4438131313
1982;VA;0.3090511746;8.5114915316;3.6309872776
1983;VA;0.2925405405;7.9231711712;3.6922153292
1984;VA;0.2955997161;7.5671043293;3.9063782293
1985;VA;0.2946547494;7.5581493165;3.8985039465
1986;VA;0.3059961984;7.7195783653;3.9638978179
1987;VA;0.2949525745;7.9189701897;3.7246329694
1988;VA;0.2991994663;8.3534356237;3.581753422
1989;VA;0.3125122991;8.4228927517;3.7102728044
1990;VA;0.3506181475;8.8812381634;3.947852102
1991;VA;0.3731944003;9.2147311486;4.049976003
1992;VA;0.3748941509;8.597083268;4.3607132695
1993;VA;0.3722076722;8.230935141;4.5220581354
1994;VA;0.3577075702;8.0952380952;4.4187405732
1995;VA;0.3614536114;7.9783922635;4.5304066211
1996;VA;0.3413033708;7.9365393258;4.3004054636
1997;VA;0.3452479952;7.7523611524;4.4534560305
1998;VA;0.3256515977;7.3207480489;4.4483377317
1999;VA;0.3146555638;6.7478239209;4.6630671968
2000;VA;0.2817398847;6.0562985315;4.6520144811
2001;VA;0.2909507764;6.3485601139;4.5829411893
2002;VA;0.2916643626;6.2855206948;4.6402577727
2003;VA;0.2781970118;5.9994699458;4.6370265096
2004;VA;0.2754589691;5.9073972389;4.6629498226
2005;VA;0.2833563382;5.8653730861;4.8310028038
2006;VA;0.2837018068;5.5460739689;5.1153628385
2007;VA;0.2727535243;5.5185552141;4.9424806624
2008;VA;0.2578294572;5.5799849892;4.6206120218
2009;VA;0.2308251476;5.3843977677;4.2869259949
2010;VA;0.2141587818;5.0994067388;4.1996803316
2011;VA;0.1975967575;4.9088493339;4.0253172193
2012;VA;0.1914829891;4.7421233748;4.0379166452
2013;VA;0.197754749;4.5621071431;4.3347239082
2014;VA;0.1983886357;4.3058931343;4.6073748114
2015;VA;0.1996393942;4.1921643599;4.7622034135
2016;VA;0.2198022908;4.2107796415;5.2199903475
2017;VA;0.2104024154;4.0241425874;5.2285029884
2018;VA;0.1999604353;3.7314598978;5.3587721893
1979;VT;0.184178499;10.5983772819;1.7377990431
1980;VT;0.1787603731;9.9769410854;1.791735278
1981;VT;0.127961165;10.1215533981;1.264244331
1982;VT;0.1269379845;9.3837209302;1.3527467988
1983;VT;0.1325714286;8.2655238095;1.6039083744
1984;VT;0.1450943396;7.9358490566;1.828340466
1985;VT;0.1476635514;7.7760747664;1.898947166
1986;VT;0.149168207;7.9537892791;1.8754357425
1987;VT;0.1364963504;8.5423357664;1.5978808852
1988;VT;0.1422661871;8.4809352518;1.6774822921
1989;VT;0.1328042328;8.1770723104;1.624104909
1990;VT;0.1272305325;8.6818845756;1.465471366
1991;VT;0.1167548501;7.9104056437;1.4759653973
1992;VT;0.1094736842;6.82;1.6051859855
1993;VT;0.1142361111;7.9447916667;1.4378742188
1994;VT;0.0968965517;6.5006896552;1.490558031
1995;VT;0.1182905983;6.8673504274;1.7225070941
1996;VT;0.1212224109;6.0057724958;2.0184316164
1997;VT;0.1196943973;5.6563667233;2.1161003722
1998;VT;0.1062605753;6.2781725888;1.6925398879
1999;VT;0.1138545491;5.637147573;2.0197191515
2000;VT;0.1134969376;5.9737823717;1.8999175144
2001;VT;0.1050608668;5.539513653;1.8965720344
2002;VT;0.1067474789;5.0615825882;2.108974359
2003;VT;0.1141532237;4.6856103968;2.4362508615
2004;VT;0.1147717523;4.9166737762;2.3343373494
2005;VT;0.1256452979;4.9907854759;2.5175455541
2006;VT;0.1450534374;5.0728633068;2.859399684
2007;VT;0.1290937362;4.9911952277;2.5864293086
2008;VT;0.1374603634;5.394433982;2.5481888166
2009;VT;0.134617859;5.0974652599;2.6408783997
2010;VT;0.1310094598;4.7866383132;2.7369826435
2011;VT;0.1476239722;5.110502528;2.8886390606
2012;VT;0.1423429555;5.2860198769;2.6928191489
2013;VT;0.1236330571;4.6943870592;2.6336357767
2014;VT;0.1025899577;3.3206917403;3.0894152693
2015;VT;0.1193123011;3.1506753044;3.7868802596
2016;VT;0.1365195379;3.4153947837;3.9971817755
2017;VT;0.1732516713;3.3372563148;5.1914403608
2018;VT;0.1719625929;2.910111624;5.9091407879
1979;WA;0.4346408558;13.0590422822;3.3282751249
1980;WA;0.4642952391;13.8299592228;3.3571699785
1981;WA;0.4472697056;13.484045584;3.3170290238
1982;WA;0.4063839812;12.5644287397;3.23440078
1983;WA;0.3717674419;12.1554883721;3.0584327876
1984;WA;0.4064382617;12.2034030812;3.330532139
1985;WA;0.4254252665;13.057654797;3.2580526374
1986;WA;0.4370378669;13.7593546942;3.176296248
1987;WA;0.4395107977;14.0342000881;3.1317124948
1988;WA;0.4663996536;14.2260662481;3.278486445
1989;WA;0.4717496324;13.1876496534;3.577207803
1990;WA;0.5015727315;12.4458256245;4.0300478785
1991;WA;0.5225986449;12.6081705859;4.1449204809
1992;WA;0.5345404984;12.3455996885;4.3298058574
1993;WA;0.5145575642;11.9045861085;4.3223473671
1994;WA;0.5112670784;12.0550626989;4.2410984596
1995;WA;0.4842570429;12.5396059658;3.8618202536
1996;WA;0.4311765769;11.8188324598;3.6482163392
1997;WA;0.4407130125;11.8526737968;3.7182581756
1998;WA;0.4285463175;11.7348918966;3.6518982981
1999;WA;0.3772522258;10.5104249021;3.5893146981
2000;WA;0.3696564763;10.2112596603;3.6200869299
2001;WA;0.354690751;10.2944076725;3.4454702229
2002;WA;0.3455380365;10.2168430838;3.3820430999
2003;WA;0.3469412186;10.2038426447;3.4001035759
2004;WA;0.3436417259;10.3806867228;3.3103949194
2005;WA;0.3456031319;10.4707974492;3.3006381183
2006;WA;0.3487133271;9.7175989611;3.5884720957
2007;WA;0.3365271046;8.7670196017;3.8385576842
2008;WA;0.3342075336;8.281011613;4.0358297901
2009;WA;0.336304685;8.0317877853;4.1871709506
2010;WA;0.3134829711;8.0250928748;3.9062846498
2011;WA;0.2953423924;7.7488100642;3.811454791
2012;WA;0.2980718221;7.9743965398;3.7378605463
2013;WA;0.2899877856;8.0415363803;3.6061241521
2014;WA;0.2857783606;7.9975891831;3.5733063307
2015;WA;0.2863710827;7.5690230424;3.7834616321
2016;WA;0.3035462209;7.6537845282;3.9659624561
2017;WA;0.3027837303;6.9407140218;4.3624291297
2018;WA;0.3114818732;6.5152952171;4.7807791171
1979;WI;0.1660805085;8.7759322034;1.8924543242
1980;WI;0.1825710646;9.5972220828;1.902332394
1981;WI;0.18788774;9.5336990926;1.9707748084
1982;WI;0.1904931794;8.8782371459;2.1456194096
1983;WI;0.1909071774;8.5113870764;2.2429619958
1984;WI;0.1965379773;8.3445656735;2.3552810899
1985;WI;0.2069109948;8.0334240838;2.5756264403
1986;WI;0.2578683386;8.1935632184;3.1472063092
1987;WI;0.2499271895;8.3388807988;2.9971310964
1988;WI;0.2143680527;7.9439687114;2.6985007178
1989;WI;0.2226011917;8.3296897473;2.6723827472
1990;WI;0.2646895223;8.790276074;3.0111627907
1991;WI;0.2769525732;8.9317053481;3.1007804486
1992;WI;0.2757339724;8.6380667066;3.1920796841
1993;WI;0.2644104803;8.1081381501;3.2610505082
1994;WI;0.270523416;7.8887052342;3.4292498952
1995;WI;0.2810657818;7.7713839547;3.6166760439
1996;WI;0.2526937984;7.6427131783;3.3063362782
1997;WI;0.2705609284;7.3552417795;3.6784776972
1998;WI;0.2490237366;7.0862557427;3.5141793585
1999;WI;0.2458457815;6.5922780655;3.7292993263
2000;WI;0.2367779554;6.4181368185;3.6892008087
2001;WI;0.2309678582;6.6375049552;3.479739145
2002;WI;0.2249759729;6.5072434248;3.4573160741
2003;WI;0.2211062987;6.2031057909;3.5644450727
2004;WI;0.2098288499;5.7511420391;3.648472747
2005;WI;0.2418209277;5.8224806084;4.1532285627
2006;WI;0.2861330484;6.2142288697;4.6044819777
2007;WI;0.2915217686;6.2708421105;4.6488456173
2008;WI;0.2755346646;6.0754798313;4.5351918251
2009;WI;0.2590731301;5.7417679292;4.5120794372
2010;WI;0.2489080952;5.5150176776;4.5132782833
2011;WI;0.2498842788;5.4004987528;4.6270592814
2012;WI;0.2839347834;5.4863313369;5.1753123527
2013;WI;0.2806570069;4.9614196738;5.6567882863
2014;WI;0.2910530066;4.7888750141;6.0776906008
2015;WI;0.3042533224;4.5903086587;6.6281669713
2016;WI;0.3068812526;4.5251473389;6.7816853154
2017;WI;0.3217858406;4.2660535966;7.5429394719
2018;WI;0.2954467893;3.7106988342;7.9620255512
1979;WV;0.1680511182;4.6505857295;3.6135473677
1980;WV;0.1837074727;5.1032040303;3.5998457354
1981;WV;0.174782163;5.2374167094;3.3371826741
1982;WV;0.1747946612;5.0224845996;3.4802428504
1983;WV;0.1717557252;4.8379643766;3.5501651484
1984;WV;0.1681864754;4.6717213115;3.6000964997
1985;WV;0.1660123967;4.5056818182;3.6845122091
1986;WV;0.1644606566;4.6333507035;3.549497267
1987;WV;0.1373220875;4.3814443859;3.1341739256
1988;WV;0.1314225053;4.4776008493;2.9351098888
1989;WV;0.1466882068;4.7256865913;3.1040612608
1990;WV;0.169280119;5.0060301861;3.3815241362
1991;WV;0.1910049972;5.3268184342;3.5857238159
1992;WV;0.2115342163;5.2194260486;4.0528252411
1993;WV;0.2084065934;5.0651648352;4.1145076259
1994;WV;0.215751921;5.0567508233;4.2666116743
1995;WV;0.2101750547;4.9163019694;4.2750639813
1996;WV;0.2100766703;4.9667031763;4.2297005249
1997;WV;0.2186674009;4.938215859;4.4280648543
1998;WV;0.2486471563;5.0944229707;4.8807717321
1999;WV;0.3506503856;5.4413900277;6.4441325441
2000;WV;0.3164773959;5.2055361148;6.0796311641
2001;WV;0.279570788;5.1216702064;5.4585862966
2002;WV;0.2338654451;5.0219293872;4.6568843778
2003;WV;0.2554321424;5.1889104801;4.9226546375
2004;WV;0.2819235684;5.6755462476;4.9673380512
2005;WV;0.2738573704;5.8128542079;4.7112375533
2006;WV;0.2811704345;5.8350151501;4.8186753119
2007;WV;0.2768158452;5.5888545199;4.9529978671
2008;WV;0.2758935401;5.6189472617;4.9100574769
2009;WV;0.3052022308;5.689598231;5.364214105
2010;WV;0.3012347064;5.0569250548;5.95687504
2011;WV;0.2963489294;4.7987285623;6.175571833
2012;WV;0.320087468;5.4336773165;5.890807446
2013;WV;0.305190724;4.93845743;6.1798796142
2014;WV;0.3164298491;4.7968060599;6.5966779806
2015;WV;0.3474641958;4.925170541;7.0548662807
2016;WV;0.3627291803;4.8389592904;7.496016364
2017;WV;0.3612452726;4.3063254245;8.3887128106
2018;WV;0.2899494527;3.5510501531;8.1651748121
1979;WY;0.3508888889;9.648;3.6369080523
1980;WY;0.3925758177;9.9728331563;3.9364522751
1981;WY;0.4300813008;10.2638211382;4.190264961
1982;WY;0.3041832669;9.6079681275;3.1659479184
1983;WY;0.2371595331;8.0276264591;2.9542920847
1984;WY;0.242074364;7.3655577299;3.2865720814
1985;WY;0.2567779961;8.0302554028;3.1976317463
1986;WY;0.2930966469;8.7143984221;3.3633606446
1987;WY;0.2830612245;8.0624489796;3.51085911
1988;WY;0.3140127389;7.9341825902;3.9577200963
1989;WY;0.2583157895;7.7781052632;3.3210631733
1990;WY;0.3013748159;8.4212986234;3.578721399
1991;WY;0.3102173913;8.777826087;3.5341027292
1992;WY;0.319527897;9.1502145923;3.4920262664
1993;WY;0.2861702128;8.3259574468;3.4370847388
1994;WY;0.2724789916;8.5794117647;3.1759635633
1995;WY;0.2541666667;8.6404166667;2.9416019675
1996;WY;0.2496881497;8.5081081081;2.9347082397
1997;WY;0.2552083333;8.3616666667;3.0521227825
1998;WY;0.2476091476;7.6153846154;3.2514332514
1999;WY;0.232484435;6.9153172839;3.3618766206
2000;WY;0.2665143727;6.5960282068;4.0405280933
2001;WY;0.2576181661;7.0448036877;3.6568537259
2002;WY;0.2734398492;7.159954293;3.8190166872
2003;WY;0.2616951232;7.1545933071;3.6577218573
2004;WY;0.229893237;7.1367716506;3.221249723
2005;WY;0.2303468174;6.7775423646;3.3986776476
2006;WY;0.2537844366;6.4807263633;3.915987536
2007;WY;0.2570625251;6.2724021192;4.0983106666
2008;WY;0.2496864839;5.9492967477;4.1969075418
2009;WY;0.2197438771;5.6732871553;3.8733078567
2010;WY;0.1978552982;5.3089695583;3.7268116909
2011;WY;0.2194389413;4.9785319975;4.4077037457
2012;WY;0.2013436786;4.988675502;4.0360147396
2013;WY;0.2078107345;4.8327998038;4.3000070957
2014;WY;0.1954462061;4.3410621868;4.5022669032
2015;WY;0.2216330949;4.2666075645;5.1945976185
2016;WY;0.2446530235;4.4429057462;5.5065994536
2017;WY;0.2345690528;4.1061675424;5.7126030624
2018;WY;0.2122072846;3.9945511539;5.3124187538
