year,x,y,val
1996,0,0,0
1996,1,0,0
1996,2,0,0
1996,3,0,0
1996,4,0,0
1996,5,0,0
1996,6,0,0
1996,7,0,0
1996,8,0,0
1996,9,0,0
1996,0,1,0
1996,1,1,0
1996,2,1,0
1996,3,1,0
1996,4,1,0
1996,5,1,0
1996,6,1,0
1996,7,1,0
1996,8,1,0
1996,9,1,0
1996,0,2,0
1996,1,2,0
1996,2,2,0
1996,3,2,0
1996,4,2,0
1996,5,2,0
1996,6,2,0
1996,7,2,0
1996,8,2,0
1996,9,2,0
1996,0,3,0
1996,1,3,0
1996,2,3,0
1996,3,3,0
1996,4,3,0
1996,5,3,0
1996,6,3,0
1996,7,3,0
1996,8,3,0
1996,9,3,0
1996,0,4,0
1996,1,4,0
1996,2,4,0
1996,3,4,0
1996,4,4,1
1996,5,4,0
1996,6,4,1
1996,7,4,1
1996,8,4,1
1996,9,4,0
1996,0,5,0
1996,1,5,0
1996,2,5,2
1996,3,5,3
1996,4,5,1
1996,5,5,1
1996,6,5,2
1996,7,5,8
1996,8,5,2
1996,9,5,2
1996,0,6,0
1996,1,6,2
1996,2,6,2
1996,3,6,3
1996,4,6,3
1996,5,6,4
1996,6,6,1
1996,7,6,6
1996,8,6,3
1996,9,6,5
1996,0,7,5
1996,1,7,0
1996,2,7,0
1996,3,7,2
1996,4,7,1
1996,5,7,0
1996,6,7,0
1996,7,7,0
1996,8,7,1
1996,9,7,0
1996,0,8,0
1996,1,8,0
1996,2,8,0
1996,3,8,1
1996,4,8,0
1996,5,8,0
1996,6,8,1
1996,7,8,0
1996,8,8,1
1996,9,8,1
1996,0,9,0
1996,1,9,2
1996,2,9,0
1996,3,9,0
1996,4,9,0
1996,5,9,0
1996,6,9,0
1996,7,9,0
1996,8,9,0
1996,9,9,0
1997,0,0,0
1997,1,0,0
1997,2,0,0
1997,3,0,0
1997,4,0,0
1997,5,0,0
1997,6,0,0
1997,7,0,0
1997,8,0,0
1997,9,0,0
1997,0,1,0
1997,1,1,0
1997,2,1,0
1997,3,1,0
1997,4,1,0
1997,5,1,0
1997,6,1,0
1997,7,1,0
1997,8,1,0
1997,9,1,0
1997,0,2,0
1997,1,2,0
1997,2,2,0
1997,3,2,0
1997,4,2,0
1997,5,2,0
1997,6,2,0
1997,7,2,0
1997,8,2,0
1997,9,2,0
1997,0,3,0
1997,1,3,0
1997,2,3,0
1997,3,3,0
1997,4,3,0
1997,5,3,0
1997,6,3,0
1997,7,3,0
1997,8,3,1
1997,9,3,0
1997,0,4,1
1997,1,4,1
1997,2,4,1
1997,3,4,1
1997,4,4,0
1997,5,4,0
1997,6,4,0
1997,7,4,2
1997,8,4,0
1997,9,4,0
1997,0,5,1
1997,1,5,0
1997,2,5,1
1997,3,5,3
1997,4,5,1
1997,5,5,1
1997,6,5,1
1997,7,5,1
1997,8,5,2
1997,9,5,4
1997,0,6,2
1997,1,6,3
1997,2,6,3
1997,3,6,3
1997,4,6,2
1997,5,6,5
1997,6,6,2
1997,7,6,5
1997,8,6,5
1997,9,6,3
1997,0,7,2
1997,1,7,2
1997,2,7,3
1997,3,7,3
1997,4,7,3
1997,5,7,4
1997,6,7,0
1997,7,7,1
1997,8,7,0
1997,9,7,1
1997,0,8,0
1997,1,8,1
1997,2,8,3
1997,3,8,0
1997,4,8,1
1997,5,8,0
1997,6,8,0
1997,7,8,0
1997,8,8,2
1997,9,8,0
1997,0,9,0
1997,1,9,1
1997,2,9,1
1997,3,9,1
1997,4,9,1
1997,5,9,0
1997,6,9,0
1997,7,9,0
1997,8,9,0
1997,9,9,0
1998,0,0,0
1998,1,0,0
1998,2,0,0
1998,3,0,0
1998,4,0,0
1998,5,0,0
1998,6,0,0
1998,7,0,0
1998,8,0,0
1998,9,0,0
1998,0,1,0
1998,1,1,0
1998,2,1,0
1998,3,1,0
1998,4,1,0
1998,5,1,0
1998,6,1,0
1998,7,1,0
1998,8,1,0
1998,9,1,0
1998,0,2,0
1998,1,2,0
1998,2,2,0
1998,3,2,0
1998,4,2,0
1998,5,2,0
1998,6,2,0
1998,7,2,0
1998,8,2,0
1998,9,2,0
1998,0,3,0
1998,1,3,0
1998,2,3,0
1998,3,3,0
1998,4,3,0
1998,5,3,0
1998,6,3,0
1998,7,3,0
1998,8,3,0
1998,9,3,0
1998,0,4,0
1998,1,4,1
1998,2,4,0
1998,3,4,0
1998,4,4,0
1998,5,4,0
1998,6,4,0
1998,7,4,0
1998,8,4,1
1998,9,4,0
1998,0,5,1
1998,1,5,1
1998,2,5,1
1998,3,5,1
1998,4,5,1
1998,5,5,5
1998,6,5,3
1998,7,5,1
1998,8,5,2
1998,9,5,4
1998,0,6,6
1998,1,6,4
1998,2,6,3
1998,3,6,7
1998,4,6,3
1998,5,6,5
1998,6,6,1
1998,7,6,4
1998,8,6,7
1998,9,6,4
1998,0,7,1
1998,1,7,3
1998,2,7,4
1998,3,7,1
1998,4,7,1
1998,5,7,3
1998,6,7,2
1998,7,7,0
1998,8,7,2
1998,9,7,1
1998,0,8,0
1998,1,8,0
1998,2,8,2
1998,3,8,2
1998,4,8,2
1998,5,8,1
1998,6,8,0
1998,7,8,0
1998,8,8,0
1998,9,8,3
1998,0,9,1
1998,1,9,2
1998,2,9,0
1998,3,9,1
1998,4,9,1
1998,5,9,0
1998,6,9,0
1998,7,9,0
1998,8,9,0
1998,9,9,0
1999,0,0,0
1999,1,0,0
1999,2,0,0
1999,3,0,0
1999,4,0,0
1999,5,0,0
1999,6,0,0
1999,7,0,0
1999,8,0,0
1999,9,0,0
1999,0,1,0
1999,1,1,0
1999,2,1,0
1999,3,1,0
1999,4,1,0
1999,5,1,0
1999,6,1,0
1999,7,1,0
1999,8,1,0
1999,9,1,0
1999,0,2,0
1999,1,2,0
1999,2,2,0
1999,3,2,0
1999,4,2,0
1999,5,2,0
1999,6,2,0
1999,7,2,0
1999,8,2,0
1999,9,2,0
1999,0,3,0
1999,1,3,0
1999,2,3,0
1999,3,3,1
1999,4,3,0
1999,5,3,0
1999,6,3,0
1999,7,3,0
1999,8,3,0
1999,9,3,0
1999,0,4,0
1999,1,4,0
1999,2,4,1
1999,3,4,0
1999,4,4,1
1999,5,4,1
1999,6,4,0
1999,7,4,0
1999,8,4,0
1999,9,4,0
1999,0,5,1
1999,1,5,3
1999,2,5,1
1999,3,5,2
1999,4,5,1
1999,5,5,6
1999,6,5,2
1999,7,5,5
1999,8,5,5
1999,9,5,6
1999,0,6,5
1999,1,6,6
1999,2,6,6
1999,3,6,6
1999,4,6,4
1999,5,6,3
1999,6,6,5
1999,7,6,3
1999,8,6,5
1999,9,6,3
1999,0,7,5
1999,1,7,3
1999,2,7,2
1999,3,7,4
1999,4,7,1
1999,5,7,1
1999,6,7,1
1999,7,7,1
1999,8,7,1
1999,9,7,3
1999,0,8,0
1999,1,8,1
1999,2,8,2
1999,3,8,2
1999,4,8,3
1999,5,8,0
1999,6,8,1
1999,7,8,0
1999,8,8,2
1999,9,8,3
1999,0,9,0
1999,1,9,1
1999,2,9,2
1999,3,9,0
1999,4,9,0
1999,5,9,0
1999,6,9,0
1999,7,9,0
1999,8,9,0
1999,9,9,0
2000,0,0,0
2000,1,0,0
2000,2,0,0
2000,3,0,0
2000,4,0,0
2000,5,0,0
2000,6,0,0
2000,7,0,0
2000,8,0,0
2000,9,0,0
2000,0,1,0
2000,1,1,0
2000,2,1,0
2000,3,1,0
2000,4,1,0
2000,5,1,0
2000,6,1,0
2000,7,1,0
2000,8,1,0
2000,9,1,0
2000,0,2,0
2000,1,2,0
2000,2,2,0
2000,3,2,0
2000,4,2,0
2000,5,2,0
2000,6,2,0
2000,7,2,0
2000,8,2,0
2000,9,2,0
2000,0,3,1
2000,1,3,0
2000,2,3,0
2000,3,3,0
2000,4,3,0
2000,5,3,0
2000,6,3,0
2000,7,3,0
2000,8,3,0
2000,9,3,1
2000,0,4,0
2000,1,4,0
2000,2,4,0
2000,3,4,1
2000,4,4,3
2000,5,4,0
2000,6,4,2
2000,7,4,3
2000,8,4,2
2000,9,4,1
2000,0,5,2
2000,1,5,1
2000,2,5,1
2000,3,5,1
2000,4,5,5
2000,5,5,3
2000,6,5,5
2000,7,5,4
2000,8,5,3
2000,9,5,7
2000,0,6,3
2000,1,6,7
2000,2,6,5
2000,3,6,7
2000,4,6,6
2000,5,6,2
2000,6,6,3
2000,7,6,2
2000,8,6,7
2000,9,6,5
2000,0,7,7
2000,1,7,1
2000,2,7,4
2000,3,7,5
2000,4,7,5
2000,5,7,3
2000,6,7,3
2000,7,7,1
2000,8,7,4
2000,9,7,3
2000,0,8,1
2000,1,8,5
2000,2,8,8
2000,3,8,3
2000,4,8,2
2000,5,8,1
2000,6,8,1
2000,7,8,0
2000,8,8,7
2000,9,8,1
2000,0,9,0
2000,1,9,0
2000,2,9,1
2000,3,9,0
2000,4,9,0
2000,5,9,0
2000,6,9,0
2000,7,9,0
2000,8,9,0
2000,9,9,0
2001,0,0,0
2001,1,0,0
2001,2,0,0
2001,3,0,0
2001,4,0,0
2001,5,0,0
2001,6,0,0
2001,7,0,0
2001,8,0,0
2001,9,0,0
2001,0,1,0
2001,1,1,0
2001,2,1,0
2001,3,1,0
2001,4,1,0
2001,5,1,0
2001,6,1,0
2001,7,1,0
2001,8,1,0
2001,9,1,0
2001,0,2,0
2001,1,2,0
2001,2,2,0
2001,3,2,0
2001,4,2,0
2001,5,2,0
2001,6,2,0
2001,7,2,0
2001,8,2,0
2001,9,2,0
2001,0,3,0
2001,1,3,0
2001,2,3,0
2001,3,3,0
2001,4,3,1
2001,5,3,0
2001,6,3,0
2001,7,3,1
2001,8,3,0
2001,9,3,1
2001,0,4,0
2001,1,4,1
2001,2,4,0
2001,3,4,2
2001,4,4,0
2001,5,4,2
2001,6,4,1
2001,7,4,1
2001,8,4,4
2001,9,4,2
2001,0,5,1
2001,1,5,0
2001,2,5,2
2001,3,5,3
2001,4,5,5
2001,5,5,8
2001,6,5,3
2001,7,5,8
2001,8,5,7
2001,9,5,5
2001,0,6,7
2001,1,6,5
2001,2,6,2
2001,3,6,7
2001,4,6,5
2001,5,6,7
2001,6,6,11
2001,7,6,8
2001,8,6,6
2001,9,6,1
2001,0,7,6
2001,1,7,3
2001,2,7,8
2001,3,7,5
2001,4,7,5
2001,5,7,5
2001,6,7,4
2001,7,7,7
2001,8,7,7
2001,9,7,1
2001,0,8,7
2001,1,8,5
2001,2,8,8
2001,3,8,8
2001,4,8,10
2001,5,8,4
2001,6,8,8
2001,7,8,3
2001,8,8,10
2001,9,8,8
2001,0,9,2
2001,1,9,7
2001,2,9,1
2001,3,9,0
2001,4,9,0
2001,5,9,0
2001,6,9,0
2001,7,9,0
2001,8,9,0
2001,9,9,0
2002,0,0,0
2002,1,0,0
2002,2,0,0
2002,3,0,0
2002,4,0,0
2002,5,0,0
2002,6,0,0
2002,7,0,0
2002,8,0,0
2002,9,0,0
2002,0,1,0
2002,1,1,0
2002,2,1,0
2002,3,1,0
2002,4,1,0
2002,5,1,0
2002,6,1,0
2002,7,1,0
2002,8,1,0
2002,9,1,0
2002,0,2,0
2002,1,2,0
2002,2,2,0
2002,3,2,0
2002,4,2,0
2002,5,2,0
2002,6,2,0
2002,7,2,0
2002,8,2,0
2002,9,2,0
2002,0,3,0
2002,1,3,0
2002,2,3,1
2002,3,3,0
2002,4,3,0
2002,5,3,0
2002,6,3,0
2002,7,3,0
2002,8,3,1
2002,9,3,0
2002,0,4,0
2002,1,4,0
2002,2,4,0
2002,3,4,1
2002,4,4,3
2002,5,4,2
2002,6,4,1
2002,7,4,2
2002,8,4,2
2002,9,4,2
2002,0,5,5
2002,1,5,0
2002,2,5,1
2002,3,5,8
2002,4,5,5
2002,5,5,5
2002,6,5,4
2002,7,5,4
2002,8,5,9
2002,9,5,6
2002,0,6,5
2002,1,6,12
2002,2,6,10
2002,3,6,3
2002,4,6,7
2002,5,6,7
2002,6,6,4
2002,7,6,9
2002,8,6,9
2002,9,6,4
2002,0,7,9
2002,1,7,6
2002,2,7,8
2002,3,7,13
2002,4,7,6
2002,5,7,10
2002,6,7,6
2002,7,7,5
2002,8,7,12
2002,9,7,6
2002,0,8,10
2002,1,8,7
2002,2,8,13
2002,3,8,7
2002,4,8,9
2002,5,8,4
2002,6,8,7
2002,7,8,9
2002,8,8,6
2002,9,8,9
2002,0,9,0
2002,1,9,3
2002,2,9,2
2002,3,9,1
2002,4,9,0
2002,5,9,1
2002,6,9,0
2002,7,9,0
2002,8,9,0
2002,9,9,0
2003,0,0,0
2003,1,0,0
2003,2,0,0
2003,3,0,0
2003,4,0,0
2003,5,0,0
2003,6,0,0
2003,7,0,0
2003,8,0,0
2003,9,0,0
2003,0,1,0
2003,1,1,0
2003,2,1,0
2003,3,1,0
2003,4,1,0
2003,5,1,0
2003,6,1,0
2003,7,1,0
2003,8,1,0
2003,9,1,0
2003,0,2,0
2003,1,2,0
2003,2,2,0
2003,3,2,0
2003,4,2,0
2003,5,2,0
2003,6,2,0
2003,7,2,0
2003,8,2,0
2003,9,2,0
2003,0,3,1
2003,1,3,0
2003,2,3,0
2003,3,3,1
2003,4,3,0
2003,5,3,1
2003,6,3,0
2003,7,3,0
2003,8,3,0
2003,9,3,0
2003,0,4,0
2003,1,4,1
2003,2,4,0
2003,3,4,1
2003,4,4,1
2003,5,4,0
2003,6,4,0
2003,7,4,1
2003,8,4,2
2003,9,4,0
2003,0,5,5
2003,1,5,2
2003,2,5,2
2003,3,5,4
2003,4,5,4
2003,5,5,2
2003,6,5,5
2003,7,5,3
2003,8,5,8
2003,9,5,4
2003,0,6,10
2003,1,6,3
2003,2,6,6
2003,3,6,5
2003,4,6,9
2003,5,6,4
2003,6,6,8
2003,7,6,8
2003,8,6,7
2003,9,6,1
2003,0,7,7
2003,1,7,5
2003,2,7,7
2003,3,7,7
2003,4,7,5
2003,5,7,10
2003,6,7,9
2003,7,7,10
2003,8,7,12
2003,9,7,4
2003,0,8,8
2003,1,8,13
2003,2,8,13
2003,3,8,6
2003,4,8,10
2003,5,8,7
2003,6,8,12
2003,7,8,5
2003,8,8,10
2003,9,8,7
2003,0,9,3
2003,1,9,2
2003,2,9,5
2003,3,9,1
2003,4,9,0
2003,5,9,0
2003,6,9,0
2003,7,9,0
2003,8,9,0
2003,9,9,0
2004,0,0,0
2004,1,0,0
2004,2,0,0
2004,3,0,0
2004,4,0,0
2004,5,0,0
2004,6,0,0
2004,7,0,0
2004,8,0,0
2004,9,0,0
2004,0,1,0
2004,1,1,0
2004,2,1,0
2004,3,1,0
2004,4,1,0
2004,5,1,0
2004,6,1,0
2004,7,1,0
2004,8,1,0
2004,9,1,1
2004,0,2,0
2004,1,2,0
2004,2,2,0
2004,3,2,0
2004,4,2,0
2004,5,2,0
2004,6,2,0
2004,7,2,0
2004,8,2,0
2004,9,2,0
2004,0,3,0
2004,1,3,0
2004,2,3,0
2004,3,3,0
2004,4,3,0
2004,5,3,0
2004,6,3,0
2004,7,3,0
2004,8,3,1
2004,9,3,0
2004,0,4,0
2004,1,4,0
2004,2,4,2
2004,3,4,0
2004,4,4,0
2004,5,4,1
2004,6,4,0
2004,7,4,5
2004,8,4,1
2004,9,4,3
2004,0,5,3
2004,1,5,2
2004,2,5,6
2004,3,5,2
2004,4,5,4
2004,5,5,6
2004,6,5,8
2004,7,5,5
2004,8,5,11
2004,9,5,4
2004,0,6,6
2004,1,6,9
2004,2,6,6
2004,3,6,7
2004,4,6,5
2004,5,6,7
2004,6,6,5
2004,7,6,16
2004,8,6,8
2004,9,6,9
2004,0,7,11
2004,1,7,4
2004,2,7,13
2004,3,7,3
2004,4,7,6
2004,5,7,11
2004,6,7,9
2004,7,7,11
2004,8,7,11
2004,9,7,8
2004,0,8,3
2004,1,8,7
2004,2,8,14
2004,3,8,15
2004,4,8,15
2004,5,8,11
2004,6,8,15
2004,7,8,3
2004,8,8,11
2004,9,8,7
2004,0,9,1
2004,1,9,4
2004,2,9,3
2004,3,9,1
2004,4,9,0
2004,5,9,0
2004,6,9,0
2004,7,9,0
2004,8,9,0
2004,9,9,0
2005,0,0,0
2005,1,0,0
2005,2,0,0
2005,3,0,0
2005,4,0,0
2005,5,0,0
2005,6,0,0
2005,7,0,0
2005,8,0,0
2005,9,0,0
2005,0,1,0
2005,1,1,0
2005,2,1,0
2005,3,1,0
2005,4,1,0
2005,5,1,0
2005,6,1,0
2005,7,1,0
2005,8,1,0
2005,9,1,0
2005,0,2,0
2005,1,2,0
2005,2,2,0
2005,3,2,0
2005,4,2,0
2005,5,2,0
2005,6,2,0
2005,7,2,0
2005,8,2,0
2005,9,2,0
2005,0,3,0
2005,1,3,1
2005,2,3,0
2005,3,3,0
2005,4,3,0
2005,5,3,1
2005,6,3,0
2005,7,3,0
2005,8,3,0
2005,9,3,0
2005,0,4,0
2005,1,4,0
2005,2,4,0
2005,3,4,0
2005,4,4,1
2005,5,4,1
2005,6,4,1
2005,7,4,2
2005,8,4,2
2005,9,4,1
2005,0,5,1
2005,1,5,5
2005,2,5,4
2005,3,5,1
2005,4,5,7
2005,5,5,6
2005,6,5,7
2005,7,5,6
2005,8,5,7
2005,9,5,5
2005,0,6,9
2005,1,6,9
2005,2,6,12
2005,3,6,9
2005,4,6,7
2005,5,6,7
2005,6,6,10
2005,7,6,8
2005,8,6,15
2005,9,6,12
2005,0,7,7
2005,1,7,9
2005,2,7,14
2005,3,7,6
2005,4,7,9
2005,5,7,9
2005,6,7,3
2005,7,7,11
2005,8,7,15
2005,9,7,7
2005,0,8,6
2005,1,8,13
2005,2,8,13
2005,3,8,6
2005,4,8,13
2005,5,8,8
2005,6,8,13
2005,7,8,6
2005,8,8,7
2005,9,8,4
2005,0,9,1
2005,1,9,2
2005,2,9,3
2005,3,9,0
2005,4,9,1
2005,5,9,1
2005,6,9,0
2005,7,9,0
2005,8,9,0
2005,9,9,0
2006,0,0,0
2006,1,0,0
2006,2,0,0
2006,3,0,0
2006,4,0,0
2006,5,0,0
2006,6,0,0
2006,7,0,0
2006,8,0,0
2006,9,0,0
2006,0,1,0
2006,1,1,0
2006,2,1,0
2006,3,1,0
2006,4,1,0
2006,5,1,0
2006,6,1,0
2006,7,1,0
2006,8,1,0
2006,9,1,0
2006,0,2,0
2006,1,2,0
2006,2,2,0
2006,3,2,0
2006,4,2,0
2006,5,2,0
2006,6,2,0
2006,7,2,0
2006,8,2,0
2006,9,2,0
2006,0,3,0
2006,1,3,0
2006,2,3,0
2006,3,3,0
2006,4,3,0
2006,5,3,0
2006,6,3,1
2006,7,3,0
2006,8,3,1
2006,9,3,0
2006,0,4,1
2006,1,4,0
2006,2,4,2
2006,3,4,0
2006,4,4,1
2006,5,4,2
2006,6,4,2
2006,7,4,0
2006,8,4,5
2006,9,4,4
2006,0,5,2
2006,1,5,6
2006,2,5,2
2006,3,5,6
2006,4,5,5
2006,5,5,4
2006,6,5,6
2006,7,5,4
2006,8,5,10
2006,9,5,5
2006,0,6,8
2006,1,6,10
2006,2,6,10
2006,3,6,13
2006,4,6,11
2006,5,6,14
2006,6,6,9
2006,7,6,9
2006,8,6,9
2006,9,6,7
2006,0,7,13
2006,1,7,6
2006,2,7,10
2006,3,7,10
2006,4,7,13
2006,5,7,10
2006,6,7,5
2006,7,7,4
2006,8,7,17
2006,9,7,18
2006,0,8,7
2006,1,8,8
2006,2,8,7
2006,3,8,6
2006,4,8,7
2006,5,8,5
2006,6,8,7
2006,7,8,6
2006,8,8,3
2006,9,8,2
2006,0,9,0
2006,1,9,1
2006,2,9,1
2006,3,9,1
2006,4,9,1
2006,5,9,0
2006,6,9,0
2006,7,9,0
2006,8,9,0
2006,9,9,0
2007,0,0,0
2007,1,0,0
2007,2,0,0
2007,3,0,0
2007,4,0,0
2007,5,0,0
2007,6,0,0
2007,7,0,0
2007,8,0,0
2007,9,0,0
2007,0,1,0
2007,1,1,0
2007,2,1,0
2007,3,1,0
2007,4,1,0
2007,5,1,0
2007,6,1,0
2007,7,1,0
2007,8,1,0
2007,9,1,1
2007,0,2,0
2007,1,2,0
2007,2,2,0
2007,3,2,0
2007,4,2,0
2007,5,2,0
2007,6,2,0
2007,7,2,0
2007,8,2,0
2007,9,2,0
2007,0,3,0
2007,1,3,0
2007,2,3,1
2007,3,3,0
2007,4,3,1
2007,5,3,0
2007,6,3,0
2007,7,3,0
2007,8,3,1
2007,9,3,0
2007,0,4,1
2007,1,4,1
2007,2,4,0
2007,3,4,2
2007,4,4,1
2007,5,4,0
2007,6,4,1
2007,7,4,1
2007,8,4,0
2007,9,4,4
2007,0,5,5
2007,1,5,0
2007,2,5,4
2007,3,5,4
2007,4,5,6
2007,5,5,5
2007,6,5,5
2007,7,5,5
2007,8,5,8
2007,9,5,7
2007,0,6,12
2007,1,6,7
2007,2,6,16
2007,3,6,13
2007,4,6,4
2007,5,6,19
2007,6,6,13
2007,7,6,15
2007,8,6,11
2007,9,6,16
2007,0,7,18
2007,1,7,13
2007,2,7,17
2007,3,7,14
2007,4,7,13
2007,5,7,17
2007,6,7,2
2007,7,7,12
2007,8,7,9
2007,9,7,9
2007,0,8,9
2007,1,8,10
2007,2,8,12
2007,3,8,3
2007,4,8,9
2007,5,8,5
2007,6,8,7
2007,7,8,5
2007,8,8,2
2007,9,8,5
2007,0,9,0
2007,1,9,2
2007,2,9,2
2007,3,9,1
2007,4,9,0
2007,5,9,0
2007,6,9,0
2007,7,9,0
2007,8,9,0
2007,9,9,0
2008,0,0,0
2008,1,0,0
2008,2,0,0
2008,3,0,0
2008,4,0,0
2008,5,0,0
2008,6,0,0
2008,7,0,0
2008,8,0,0
2008,9,0,0
2008,0,1,0
2008,1,1,0
2008,2,1,0
2008,3,1,0
2008,4,1,0
2008,5,1,0
2008,6,1,0
2008,7,1,0
2008,8,1,0
2008,9,1,0
2008,0,2,0
2008,1,2,0
2008,2,2,0
2008,3,2,0
2008,4,2,0
2008,5,2,1
2008,6,2,0
2008,7,2,0
2008,8,2,0
2008,9,2,0
2008,0,3,1
2008,1,3,0
2008,2,3,0
2008,3,3,0
2008,4,3,0
2008,5,3,0
2008,6,3,1
2008,7,3,1
2008,8,3,1
2008,9,3,0
2008,0,4,1
2008,1,4,1
2008,2,4,2
2008,3,4,2
2008,4,4,0
2008,5,4,0
2008,6,4,2
2008,7,4,2
2008,8,4,4
2008,9,4,3
2008,0,5,5
2008,1,5,1
2008,2,5,11
2008,3,5,2
2008,4,5,6
2008,5,5,7
2008,6,5,6
2008,7,5,7
2008,8,5,12
2008,9,5,7
2008,0,6,14
2008,1,6,8
2008,2,6,20
2008,3,6,13
2008,4,6,11
2008,5,6,16
2008,6,6,6
2008,7,6,10
2008,8,6,21
2008,9,6,13
2008,0,7,9
2008,1,7,11
2008,2,7,12
2008,3,7,14
2008,4,7,15
2008,5,7,20
2008,6,7,12
2008,7,7,16
2008,8,7,14
2008,9,7,6
2008,0,8,13
2008,1,8,17
2008,2,8,17
2008,3,8,8
2008,4,8,10
2008,5,8,5
2008,6,8,4
2008,7,8,3
2008,8,8,5
2008,9,8,5
2008,0,9,0
2008,1,9,4
2008,2,9,0
2008,3,9,0
2008,4,9,0
2008,5,9,0
2008,6,9,0
2008,7,9,0
2008,8,9,0
2008,9,9,0
2009,0,0,0
2009,1,0,0
2009,2,0,0
2009,3,0,0
2009,4,0,0
2009,5,0,0
2009,6,0,0
2009,7,0,0
2009,8,0,0
2009,9,0,0
2009,0,1,0
2009,1,1,0
2009,2,1,0
2009,3,1,0
2009,4,1,0
2009,5,1,0
2009,6,1,0
2009,7,1,0
2009,8,1,0
2009,9,1,0
2009,0,2,0
2009,1,2,0
2009,2,2,0
2009,3,2,0
2009,4,2,0
2009,5,2,0
2009,6,2,0
2009,7,2,0
2009,8,2,0
2009,9,2,0
2009,0,3,0
2009,1,3,0
2009,2,3,1
2009,3,3,0
2009,4,3,0
2009,5,3,0
2009,6,3,0
2009,7,3,0
2009,8,3,1
2009,9,3,1
2009,0,4,0
2009,1,4,1
2009,2,4,0
2009,3,4,0
2009,4,4,2
2009,5,4,1
2009,6,4,2
2009,7,4,1
2009,8,4,3
2009,9,4,0
2009,0,5,1
2009,1,5,5
2009,2,5,4
2009,3,5,8
2009,4,5,5
2009,5,5,4
2009,6,5,10
2009,7,5,8
2009,8,5,6
2009,9,5,13
2009,0,6,11
2009,1,6,5
2009,2,6,15
2009,3,6,5
2009,4,6,8
2009,5,6,13
2009,6,6,8
2009,7,6,19
2009,8,6,12
2009,9,6,6
2009,0,7,12
2009,1,7,10
2009,2,7,19
2009,3,7,9
2009,4,7,7
2009,5,7,13
2009,6,7,4
2009,7,7,16
2009,8,7,21
2009,9,7,7
2009,0,8,7
2009,1,8,16
2009,2,8,20
2009,3,8,12
2009,4,8,10
2009,5,8,4
2009,6,8,8
2009,7,8,0
2009,8,8,8
2009,9,8,5
2009,0,9,1
2009,1,9,0
2009,2,9,2
2009,3,9,0
2009,4,9,0
2009,5,9,0
2009,6,9,0
2009,7,9,0
2009,8,9,0
2009,9,9,0
2010,0,0,0
2010,1,0,0
2010,2,0,0
2010,3,0,0
2010,4,0,0
2010,5,0,0
2010,6,0,0
2010,7,0,0
2010,8,0,0
2010,9,0,0
2010,0,1,0
2010,1,1,0
2010,2,1,0
2010,3,1,0
2010,4,1,0
2010,5,1,0
2010,6,1,0
2010,7,1,0
2010,8,1,0
2010,9,1,0
2010,0,2,0
2010,1,2,0
2010,2,2,0
2010,3,2,0
2010,4,2,0
2010,5,2,0
2010,6,2,0
2010,7,2,0
2010,8,2,0
2010,9,2,0
2010,0,3,0
2010,1,3,0
2010,2,3,0
2010,3,3,1
2010,4,3,1
2010,5,3,1
2010,6,3,0
2010,7,3,0
2010,8,3,0
2010,9,3,1
2010,0,4,1
2010,1,4,0
2010,2,4,2
2010,3,4,2
2010,4,4,2
2010,5,4,1
2010,6,4,1
2010,7,4,4
2010,8,4,1
2010,9,4,5
2010,0,5,1
2010,1,5,2
2010,2,5,7
2010,3,5,3
2010,4,5,5
2010,5,5,3
2010,6,5,2
2010,7,5,5
2010,8,5,14
2010,9,5,11
2010,0,6,15
2010,1,6,8
2010,2,6,14
2010,3,6,11
2010,4,6,6
2010,5,6,10
2010,6,6,11
2010,7,6,10
2010,8,6,16
2010,9,6,12
2010,0,7,11
2010,1,7,10
2010,2,7,22
2010,3,7,10
2010,4,7,6
2010,5,7,12
2010,6,7,11
2010,7,7,5
2010,8,7,11
2010,9,7,7
2010,0,8,17
2010,1,8,10
2010,2,8,17
2010,3,8,3
2010,4,8,6
2010,5,8,7
2010,6,8,5
2010,7,8,5
2010,8,8,3
2010,9,8,2
2010,0,9,0
2010,1,9,2
2010,2,9,3
2010,3,9,0
2010,4,9,1
2010,5,9,0
2010,6,9,0
2010,7,9,0
2010,8,9,0
2010,9,9,0
2011,0,0,0
2011,1,0,0
2011,2,0,0
2011,3,0,0
2011,4,0,0
2011,5,0,0
2011,6,0,0
2011,7,0,0
2011,8,0,0
2011,9,0,0
2011,0,1,0
2011,1,1,0
2011,2,1,0
2011,3,1,0
2011,4,1,0
2011,5,1,0
2011,6,1,0
2011,7,1,0
2011,8,1,0
2011,9,1,0
2011,0,2,0
2011,1,2,0
2011,2,2,0
2011,3,2,0
2011,4,2,0
2011,5,2,0
2011,6,2,0
2011,7,2,0
2011,8,2,0
2011,9,2,0
2011,0,3,1
2011,1,3,0
2011,2,3,0
2011,3,3,0
2011,4,3,0
2011,5,3,0
2011,6,3,0
2011,7,3,0
2011,8,3,1
2011,9,3,0
2011,0,4,0
2011,1,4,1
2011,2,4,1
2011,3,4,1
2011,4,4,2
2011,5,4,1
2011,6,4,0
2011,7,4,2
2011,8,4,5
2011,9,4,1
2011,0,5,3
2011,1,5,3
2011,2,5,4
2011,3,5,6
2011,4,5,5
2011,5,5,7
2011,6,5,9
2011,7,5,7
2011,8,5,7
2011,9,5,11
2011,0,6,11
2011,1,6,6
2011,2,6,11
2011,3,6,10
2011,4,6,9
2011,5,6,28
2011,6,6,9
2011,7,6,12
2011,8,6,18
2011,9,6,6
2011,0,7,23
2011,1,7,11
2011,2,7,16
2011,3,7,5
2011,4,7,7
2011,5,7,5
2011,6,7,4
2011,7,7,11
2011,8,7,14
2011,9,7,11
2011,0,8,11
2011,1,8,8
2011,2,8,5
2011,3,8,6
2011,4,8,9
2011,5,8,1
2011,6,8,5
2011,7,8,6
2011,8,8,8
2011,9,8,2
2011,0,9,2
2011,1,9,2
2011,2,9,1
2011,3,9,0
2011,4,9,0
2011,5,9,0
2011,6,9,0
2011,7,9,0
2011,8,9,0
2011,9,9,0
2012,0,0,0
2012,1,0,0
2012,2,0,0
2012,3,0,0
2012,4,0,0
2012,5,0,0
2012,6,0,0
2012,7,0,0
2012,8,0,0
2012,9,0,0
2012,0,1,0
2012,1,1,0
2012,2,1,0
2012,3,1,0
2012,4,1,0
2012,5,1,0
2012,6,1,0
2012,7,1,0
2012,8,1,0
2012,9,1,0
2012,0,2,0
2012,1,2,0
2012,2,2,0
2012,3,2,0
2012,4,2,0
2012,5,2,0
2012,6,2,0
2012,7,2,0
2012,8,2,0
2012,9,2,0
2012,0,3,0
2012,1,3,0
2012,2,3,0
2012,3,3,0
2012,4,3,0
2012,5,3,0
2012,6,3,0
2012,7,3,0
2012,8,3,0
2012,9,3,0
2012,0,4,1
2012,1,4,0
2012,2,4,0
2012,3,4,0
2012,4,4,0
2012,5,4,2
2012,6,4,2
2012,7,4,0
2012,8,4,1
2012,9,4,3
2012,0,5,1
2012,1,5,7
2012,2,5,2
2012,3,5,5
2012,4,5,3
2012,5,5,8
2012,6,5,5
2012,7,5,5
2012,8,5,13
2012,9,5,5
2012,0,6,8
2012,1,6,13
2012,2,6,6
2012,3,6,8
2012,4,6,11
2012,5,6,12
2012,6,6,13
2012,7,6,10
2012,8,6,9
2012,9,6,9
2012,0,7,11
2012,1,7,7
2012,2,7,9
2012,3,7,9
2012,4,7,8
2012,5,7,8
2012,6,7,11
2012,7,7,8
2012,8,7,16
2012,9,7,7
2012,0,8,4
2012,1,8,8
2012,2,8,10
2012,3,8,2
2012,4,8,7
2012,5,8,4
2012,6,8,7
2012,7,8,2
2012,8,8,3
2012,9,8,0
2012,0,9,0
2012,1,9,1
2012,2,9,1
2012,3,9,0
2012,4,9,0
2012,5,9,0
2012,6,9,0
2012,7,9,0
2012,8,9,0
2012,9,9,0
2013,0,0,0
2013,1,0,0
2013,2,0,0
2013,3,0,0
2013,4,0,0
2013,5,0,0
2013,6,0,0
2013,7,0,0
2013,8,0,0
2013,9,0,0
2013,0,1,0
2013,1,1,0
2013,2,1,0
2013,3,1,0
2013,4,1,0
2013,5,1,0
2013,6,1,0
2013,7,1,0
2013,8,1,0
2013,9,1,0
2013,0,2,0
2013,1,2,0
2013,2,2,0
2013,3,2,0
2013,4,2,0
2013,5,2,0
2013,6,2,0
2013,7,2,0
2013,8,2,0
2013,9,2,0
2013,0,3,0
2013,1,3,0
2013,2,3,0
2013,3,3,0
2013,4,3,0
2013,5,3,1
2013,6,3,1
2013,7,3,0
2013,8,3,0
2013,9,3,0
2013,0,4,1
2013,1,4,0
2013,2,4,0
2013,3,4,2
2013,4,4,2
2013,5,4,1
2013,6,4,1
2013,7,4,0
2013,8,4,2
2013,9,4,2
2013,0,5,4
2013,1,5,0
2013,2,5,3
2013,3,5,4
2013,4,5,4
2013,5,5,4
2013,6,5,4
2013,7,5,10
2013,8,5,7
2013,9,5,8
2013,0,6,13
2013,1,6,5
2013,2,6,8
2013,3,6,8
2013,4,6,13
2013,5,6,11
2013,6,6,9
2013,7,6,17
2013,8,6,17
2013,9,6,7
2013,0,7,18
2013,1,7,5
2013,2,7,6
2013,3,7,18
2013,4,7,10
2013,5,7,10
2013,6,7,4
2013,7,7,7
2013,8,7,8
2013,9,7,8
2013,0,8,6
2013,1,8,6
2013,2,8,5
2013,3,8,2
2013,4,8,1
2013,5,8,2
2013,6,8,2
2013,7,8,1
2013,8,8,1
2013,9,8,7
2013,0,9,1
2013,1,9,0
2013,2,9,2
2013,3,9,1
2013,4,9,0
2013,5,9,0
2013,6,9,0
2013,7,9,0
2013,8,9,0
2013,9,9,0
2014,0,0,0
2014,1,0,0
2014,2,0,0
2014,3,0,0
2014,4,0,0
2014,5,0,0
2014,6,0,0
2014,7,0,0
2014,8,0,0
2014,9,0,0
2014,0,1,0
2014,1,1,0
2014,2,1,0
2014,3,1,0
2014,4,1,0
2014,5,1,0
2014,6,1,0
2014,7,1,0
2014,8,1,0
2014,9,1,0
2014,0,2,0
2014,1,2,0
2014,2,2,0
2014,3,2,0
2014,4,2,0
2014,5,2,0
2014,6,2,1
2014,7,2,0
2014,8,2,0
2014,9,2,0
2014,0,3,0
2014,1,3,0
2014,2,3,0
2014,3,3,0
2014,4,3,0
2014,5,3,0
2014,6,3,0
2014,7,3,1
2014,8,3,0
2014,9,3,0
2014,0,4,0
2014,1,4,0
2014,2,4,0
2014,3,4,1
2014,4,4,2
2014,5,4,1
2014,6,4,2
2014,7,4,0
2014,8,4,1
2014,9,4,1
2014,0,5,4
2014,1,5,1
2014,2,5,4
2014,3,5,1
2014,4,5,1
2014,5,5,4
2014,6,5,6
2014,7,5,8
2014,8,5,7
2014,9,5,5
2014,0,6,8
2014,1,6,12
2014,2,6,11
2014,3,6,6
2014,4,6,7
2014,5,6,12
2014,6,6,7
2014,7,6,8
2014,8,6,9
2014,9,6,6
2014,0,7,11
2014,1,7,8
2014,2,7,11
2014,3,7,8
2014,4,7,9
2014,5,7,8
2014,6,7,7
2014,7,7,4
2014,8,7,9
2014,9,7,4
2014,0,8,8
2014,1,8,3
2014,2,8,3
2014,3,8,4
2014,4,8,2
2014,5,8,2
2014,6,8,4
2014,7,8,0
2014,8,8,2
2014,9,8,1
2014,0,9,1
2014,1,9,0
2014,2,9,0
2014,3,9,0
2014,4,9,0
2014,5,9,0
2014,6,9,0
2014,7,9,0
2014,8,9,0
2014,9,9,0
2015,0,0,0
2015,1,0,0
2015,2,0,0
2015,3,0,0
2015,4,0,0
2015,5,0,0
2015,6,0,0
2015,7,0,0
2015,8,0,0
2015,9,0,0
2015,0,1,0
2015,1,1,0
2015,2,1,0
2015,3,1,0
2015,4,1,0
2015,5,1,0
2015,6,1,0
2015,7,1,0
2015,8,1,0
2015,9,1,0
2015,0,2,0
2015,1,2,0
2015,2,2,0
2015,3,2,0
2015,4,2,0
2015,5,2,0
2015,6,2,0
2015,7,2,0
2015,8,2,0
2015,9,2,0
2015,0,3,0
2015,1,3,0
2015,2,3,0
2015,3,3,0
2015,4,3,0
2015,5,3,0
2015,6,3,0
2015,7,3,0
2015,8,3,0
2015,9,3,0
2015,0,4,0
2015,1,4,1
2015,2,4,0
2015,3,4,0
2015,4,4,1
2015,5,4,1
2015,6,4,1
2015,7,4,0
2015,8,4,0
2015,9,4,3
2015,0,5,3
2015,1,5,2
2015,2,5,4
2015,3,5,1
2015,4,5,6
2015,5,5,4
2015,6,5,4
2015,7,5,1
2015,8,5,6
2015,9,5,6
2015,0,6,3
2015,1,6,3
2015,2,6,10
2015,3,6,9
2015,4,6,7
2015,5,6,6
2015,6,6,6
2015,7,6,8
2015,8,6,8
2015,9,6,4
2015,0,7,9
2015,1,7,8
2015,2,7,9
2015,3,7,12
2015,4,7,6
2015,5,7,6
2015,6,7,8
2015,7,7,4
2015,8,7,3
2015,9,7,5
2015,0,8,3
2015,1,8,5
2015,2,8,1
2015,3,8,4
2015,4,8,1
2015,5,8,0
2015,6,8,1
2015,7,8,1
2015,8,8,3
2015,9,8,2
2015,0,9,0
2015,1,9,1
2015,2,9,1
2015,3,9,1
2015,4,9,0
2015,5,9,0
2015,6,9,0
2015,7,9,0
2015,8,9,0
2015,9,9,0
2016,0,0,0
2016,1,0,0
2016,2,0,0
2016,3,0,0
2016,4,0,0
2016,5,0,0
2016,6,0,0
2016,7,0,0
2016,8,0,0
2016,9,0,0
2016,0,1,0
2016,1,1,0
2016,2,1,0
2016,3,1,0
2016,4,1,0
2016,5,1,0
2016,6,1,0
2016,7,1,0
2016,8,1,0
2016,9,1,0
2016,0,2,0
2016,1,2,0
2016,2,2,0
2016,3,2,0
2016,4,2,0
2016,5,2,0
2016,6,2,0
2016,7,2,0
2016,8,2,0
2016,9,2,0
2016,0,3,0
2016,1,3,0
2016,2,3,0
2016,3,3,0
2016,4,3,0
2016,5,3,0
2016,6,3,0
2016,7,3,0
2016,8,3,0
2016,9,3,0
2016,0,4,0
2016,1,4,0
2016,2,4,0
2016,3,4,1
2016,4,4,0
2016,5,4,0
2016,6,4,0
2016,7,4,1
2016,8,4,1
2016,9,4,1
2016,0,5,0
2016,1,5,0
2016,2,5,0
2016,3,5,3
2016,4,5,1
2016,5,5,7
2016,6,5,4
2016,7,5,7
2016,8,5,4
2016,9,5,7
2016,0,6,5
2016,1,6,2
2016,2,6,4
2016,3,6,5
2016,4,6,3
2016,5,6,5
2016,6,6,4
2016,7,6,5
2016,8,6,4
2016,9,6,2
2016,0,7,4
2016,1,7,6
2016,2,7,4
2016,3,7,3
2016,4,7,1
2016,5,7,4
2016,6,7,3
2016,7,7,1
2016,8,7,3
2016,9,7,2
2016,0,8,0
2016,1,8,4
2016,2,8,3
2016,3,8,1
2016,4,8,2
2016,5,8,1
2016,6,8,3
2016,7,8,1
2016,8,8,0
2016,9,8,1
2016,0,9,0
2016,1,9,0
2016,2,9,0
2016,3,9,0
2016,4,9,0
2016,5,9,0
2016,6,9,0
2016,7,9,0
2016,8,9,0
2016,9,9,0
